#{"t_start": 1777033401.828687, "env_id": "None"}
r,l,t
9982.903,100,3.407273
9895.838,100,3.407528
10338.977,100,3.407745
10485.36,100,3.407803
10607.033,100,3.407841
10742.632,100,3.407875
10190.18,100,3.407906
10388.714,100,3.407937
9999.047,100,3.407966
10325.212,100,3.407995
10020.4375,100,5.091875
10346.622,100,5.092055
10135.398,100,5.092108
10374.72,100,5.09214
10215.603,100,5.092168
9964.917,100,5.092194
9772.881,100,5.09222
9981.34,100,5.092245
9978.998,100,5.092269
10281.204,100,5.092293
9524.856,100,7.004761
10801.931,100,7.007052
9696.629,100,7.007395
10190.281,100,7.007477
10055.244,100,7.00751
9998.931,100,7.007537
10171.52,100,7.007567
10192.32,100,7.007593
10088.059,100,7.007616
9982.122,100,7.007638
9951.746,100,9.154667
10172.359,100,9.154884
10126.816,100,9.154953
10525.275,100,9.154985
10084.619,100,9.155012
10537.637,100,9.155039
10007.906,100,9.155068
9715.834,100,9.155094
10233.974,100,9.15512
9527.565,100,9.155148
9537.517,100,10.698545
10359.625,100,10.698704
10519.1,100,10.698729
10030.218,100,10.698745
10675.005,100,10.698759
10385.62,100,10.698773
10222.6875,100,10.698787
10134.373,100,10.698802
10426.964,100,10.698814
9984.125,100,10.698828
9769.45,100,71.856901
10030.188,100,71.857081
9846.668,100,71.85711
9935.89,100,71.857127
10586.58,100,71.857143
10277.666,100,71.857159
9940.506,100,71.85718
10323.878,100,71.857199
10315.303,100,71.857216
10289.153,100,71.857231
10025.145,100,73.016395
10429.114,100,73.016536
10044.328,100,73.016563
10066.939,100,73.016579
9994.594,100,73.016595
10266.634,100,73.01661
9862.298,100,73.016626
10256.031,100,73.016641
10309.366,100,73.016657
10112.149,100,73.016671
10069.773,100,74.951147
10612.56,100,74.951295
9768.6045,100,74.951367
10269.452,100,74.951392
9932.861,100,74.951412
10409.886,100,74.95143
10220.957,100,74.95145
10660.607,100,74.951469
10413.017,100,74.951487
10444.057,100,74.951505
10008.351,100,77.709749
10037.163,100,77.709915
9850.681,100,77.70994
10457.779,100,77.709957
10088.624,100,77.709973
9974.989,100,77.709988
9577.8,100,77.710003
10665.278,100,77.710017
10188.166,100,77.710032
10444.956,100,77.710047
10009.966,100,80.00163
10288.983,100,80.001786
9880.828,100,80.00183
10064.016,100,80.001857
10131.797,100,80.001882
10654.012,100,80.001904
10265.842,100,80.001929
9922.889,100,80.001951
10662.106,100,80.001974
9717.849,100,80.001995
10176.115,100,145.337778
10543.537,100,145.337986
10473.854,100,145.338014
10550.533,100,145.338028
10199.981,100,145.338042
10515.037,100,145.338055
10559.594,100,145.338069
10273.842,100,145.338082
10270.294,100,145.338094
10344.836,100,145.338107
9929.297,100,146.688431
9827.548,100,146.688621
10506.673,100,146.688691
10768.206,100,146.688727
9872.453,100,146.688756
9834.267,100,146.688783
10483.7,100,146.68881
10392.107,100,146.688835
10151.759,100,146.688864
9523.483,100,146.688892
9941.96,100,148.014585
10140.73,100,148.01491
9993.6875,100,148.015017
9893.922,100,148.015104
9896.287,100,148.015182
10574.067,100,148.015263
10058.745,100,148.01536
9877.211,100,148.01544
10271.606,100,148.015518
10273.911,100,148.015595
10161.611,100,149.292015
10147.24,100,149.292378
10127.792,100,149.292488
10004.514,100,149.292507
9783.81,100,149.292523
10010.137,100,149.292537
9972.824,100,149.292552
10315.882,100,149.292566
9528.783,100,149.29258
10373.437,100,149.292595
9596.989,100,152.522056
10527.938,100,152.522228
10300.972,100,152.522257
10612.409,100,152.522273
10290.796,100,152.522286
10244.159,100,152.522301
10288.205,100,152.522327
10402.616,100,152.522341
9781.428,100,152.522355
10671.441,100,152.522369
10161.472,100,216.821625
10569.767,100,216.822064
10023.363,100,216.822258
10570.529,100,216.822411
10816.159,100,216.822544
10383.954,100,216.822656
10598.553,100,216.822765
10114.001,100,216.822871
10420.539,100,216.822978
10168.278,100,216.823082
10351.113,100,218.241196
10276.098,100,218.241386
9963.717,100,218.241437
10770.909,100,218.241465
10280.741,100,218.241518
10516.518,100,218.241568
10279.945,100,218.241595
10347.671,100,218.24162
10353.398,100,218.241645
10074.369,100,218.241668
9974.929,100,220.105193
10508.136,100,220.105363
10155.507,100,220.105413
9369.941,100,220.105443
10388.349,100,220.10547
10321.069,100,220.105497
10081.784,100,220.105521
10144.062,100,220.105546
10227.656,100,220.105569
9757.353,100,220.105594
10483.651,100,221.588435
10493.095,100,221.588587
10469.893,100,221.58863
10392.726,100,221.588658
9942.873,100,221.588683
10789.961,100,221.588706
9550.875,100,221.58873
10162.369,100,221.588755
9563.076,100,221.588778
10107.98,100,221.588801
10054.921,100,223.092834
10040.865,100,223.093222
10288.118,100,223.093418
10550.251,100,223.093549
9900.044,100,223.09359
10657.632,100,223.09362
10331.568,100,223.093645
9865.626,100,223.09367
10361.246,100,223.093693
10076.231,100,223.093717
10235.259,100,276.279678
10560.814,100,276.279834
10432.61,100,276.279877
10016.861,100,276.279903
10283.573,100,276.279927
10236.688,100,276.27995
10816.443,100,276.279974
10497.784,100,276.279997
9918.696,100,276.28002
10177.426,100,276.280043
9821.081,100,277.750483
10622.792,100,277.750643
10301.943,100,277.750688
10046.388,100,277.750718
10366.552,100,277.750743
10152.851,100,277.750768
10486.154,100,277.750792
10165.439,100,277.750816
9986.473,100,277.750841
10138.002,100,277.750865
9733.465,100,279.91307
10175.231,100,279.913201
10214.945,100,279.913224
10420.482,100,279.913236
9937.671,100,279.913248
9767.73,100,279.91326
10196.896,100,279.913271
9935.672,100,279.913282
10425.884,100,279.913293
10542.676,100,279.913304
10452.136,100,281.695847
10389.467,100,281.696263
9988.813,100,281.696483
9673.073,100,281.696624
10016.547,100,281.696745
10123.542,100,281.696858
9952.384,100,281.69697
9887.037,100,281.697079
9433.447,100,281.697188
10361.581,100,281.697295
10283.899,100,283.614863
10757.621,100,283.615239
9867.244,100,283.615444
10054.026,100,283.615587
10285.217,100,283.615709
10047.431,100,283.615825
10181.16,100,283.615865
9751.655,100,283.615899
9987.037,100,283.615927
10020.918,100,283.615952
10326.646,100,339.05737
10333.574,100,339.057553
10325.006,100,339.057582
10411.627,100,339.0576
9786.29,100,339.057615
10374.598,100,339.057631
9728.3955,100,339.057646
10050.465,100,339.057661
10260.132,100,339.057677
10247.394,100,339.057692
10240.392,100,340.307773
9621.765,100,340.307939
9629.94,100,340.307986
10198.854,100,340.308017
10139.8545,100,340.308044
9818.134,100,340.308073
10384.42,100,340.308118
10540.811,100,340.308148
10739.356,100,340.308174
9761.721,100,340.308199
10110.004,100,341.863068
9813.738,100,341.863226
9888.037,100,341.863271
10044.471,100,341.8633
9742.575,100,341.863349
9750.0205,100,341.863374
10142.263,100,341.863401
9351.498,100,341.863424
10232.557,100,341.863449
10243.364,100,341.863471
9808.931,100,343.327286
9444.325,100,343.327461
10491.819,100,343.327509
10589.968,100,343.327538
10623.206,100,343.327565
10094.883,100,343.327592
10078.269,100,343.327617
10499.266,100,343.327643
9828.473,100,343.327666
10073.396,100,343.32769
9994.432,100,344.803125
9814.646,100,344.803242
10065.103,100,344.803267
10109.454,100,344.803282
9992.386,100,344.803296
10367.908,100,344.803325
10179.093,100,344.80334
10544.608,100,344.803355
10662.441,100,344.803372
9703.922,100,344.803385
9899.158,100,404.031621
9970.295,100,404.031785
11031.503,100,404.03183
10742.553,100,404.031861
10625.635,100,404.031888
10147.462,100,404.031914
10333.353,100,404.031939
10474.645,100,404.031964
10433.095,100,404.031987
10054.512,100,404.032011
9767.403,100,405.526465
10046.881,100,405.526606
10567.619,100,405.526648
9650.975,100,405.526679
10111.979,100,405.526706
10238.681,100,405.526731
9790.096,100,405.526758
10143.382,100,405.526782
10191.221,100,405.526808
9824.219,100,405.526832
9944.274,100,408.138354
10237.57,100,408.138554
10484.722,100,408.138624
9879.034,100,408.13866
10335.302,100,408.138696
10163.53,100,408.138746
10228.301,100,408.138804
9999.84,100,408.138837
9931.181,100,408.138867
10045.668,100,408.138894
10766.259,100,409.713379
10079.621,100,409.713548
10138.0,100,409.713575
10379.4795,100,409.713592
10038.462,100,409.713608
10474.414,100,409.713622
10025.31,100,409.713635
9985.427,100,409.713649
10775.378,100,409.713663
9821.684,100,409.713676
10000.734,100,411.039339
10244.895,100,411.039511
10172.504,100,411.039535
10401.292,100,411.03955
10192.625,100,411.039563
9968.715,100,411.039577
10610.462,100,411.039591
10542.824,100,411.039604
10353.625,100,411.039616
10038.4375,100,411.039628
10502.206,100,465.244022
9764.027,100,465.244202
10063.414,100,465.244252
9734.803,100,465.244284
9883.078,100,465.244338
10467.232,100,465.244367
10059.384,100,465.244393
10625.814,100,465.244419
10441.058,100,465.244445
9908.202,100,465.24447
9955.992,100,466.745257
9912.203,100,466.745449
9976.501,100,466.745493
10382.771,100,466.74552
10421.743,100,466.745543
10309.792,100,466.745567
10755.847,100,466.745591
10145.552,100,466.745616
10324.648,100,466.745639
9508.988,100,466.745663
9976.55,100,468.215199
10106.963,100,468.215399
9781.094,100,468.215451
9614.539,100,468.215479
10414.479,100,468.215505
10334.567,100,468.215531
10431.174,100,468.215556
9934.531,100,468.215581
10472.534,100,468.215603
10427.534,100,468.215627
9948.98,100,470.05247
9914.344,100,470.052644
10425.321,100,470.052685
10011.423,100,470.052714
9792.398,100,470.052738
9652.755,100,470.052762
10213.777,100,470.052787
10036.222,100,470.052814
9956.898,100,470.052837
10485.483,100,470.052862
10878.83,100,471.531392
10298.939,100,471.531552
10053.785,100,471.531598
10397.011,100,471.531628
10059.4,100,471.531654
10208.13,100,471.53168
10126.433,100,471.531707
9978.27,100,471.531732
10298.613,100,471.531757
9985.697,100,471.531781
10198.641,100,553.958952
9883.449,100,553.959131
10676.033,100,553.959185
9997.334,100,553.959219
9969.297,100,553.959249
10655.756,100,553.959278
10319.554,100,553.959333
10298.199,100,553.959363
9908.878,100,553.959391
10553.515,100,553.959418
10194.57,100,555.380797
10338.453,100,555.380958
9935.685,100,555.380982
10344.829,100,555.380998
10104.353,100,555.38101
10565.149,100,555.381023
10030.755,100,555.381035
10200.5,100,555.381047
10348.715,100,555.381061
10353.417,100,555.381073
10372.657,100,556.893247
10167.091,100,556.893431
10437.307,100,556.893482
10549.951,100,556.893512
10031.405,100,556.893537
10071.946,100,556.893563
10188.71,100,556.893587
10378.562,100,556.893612
9628.579,100,556.893635
9901.592,100,556.893659
9747.288,100,558.409131
9901.014,100,558.409283
10224.352,100,558.409357
9652.059,100,558.409387
10042.731,100,558.409413
10353.327,100,558.409437
10222.393,100,558.409462
10092.44,100,558.409486
10050.825,100,558.409509
9733.497,100,558.409532
10254.24,100,559.703344
9907.173,100,559.703527
10514.31,100,559.703556
10150.119,100,559.703571
10314.813,100,559.703585
10465.545,100,559.703599
10706.531,100,559.703613
10069.268,100,559.703626
10266.198,100,559.70364
10545.027,100,559.703655
9794.113,100,561.264184
10423.716,100,561.264386
10412.5,100,561.264446
10168.077,100,561.264481
10311.499,100,561.264511
10366.025,100,561.264538
9682.848,100,561.264565
10028.762,100,561.26459
10529.658,100,561.264617
10554.243,100,561.264642
9989.684,100,614.888119
10381.1455,100,614.888282
9994.7705,100,614.888374
10264.381,100,614.888404
10091.635,100,614.888428
10172.038,100,614.888451
9873.582,100,614.888475
9825.452,100,614.888501
10130.013,100,614.888524
9994.885,100,614.888547
10280.049,100,616.941661
10065.546,100,616.941822
9911.961,100,616.941866
10439.594,100,616.941894
10322.064,100,616.941919
9887.827,100,616.941946
10200.952,100,616.94197
10495.791,100,616.941997
10023.483,100,616.94202
10002.709,100,616.942045
10252.689,100,618.32871
9379.877,100,618.328872
9841.334,100,618.328918
9931.8545,100,618.328947
10381.331,100,618.328972
10119.58,100,618.329021
10208.891,100,618.329075
10179.259,100,618.329102
9948.304,100,618.329126
10012.796,100,618.329149
10227.777,100,619.980872
10094.515,100,619.981038
10056.78,100,619.981065
10674.435,100,619.981079
10191.137,100,619.981092
10021.688,100,619.981114
10462.135,100,619.981127
10623.693,100,619.981139
9857.008,100,619.981151
10496.025,100,619.981164
10291.654,100,622.091766
9665.023,100,622.091932
10466.65,100,622.091958
10158.422,100,622.091975
10315.35,100,622.091989
10146.882,100,622.092002
9981.548,100,622.092016
10616.28,100,622.09203
10235.975,100,622.092044
10036.182,100,622.092058
9984.7705,100,678.061542
10913.207,100,678.061718
10166.804,100,678.061761
9882.939,100,678.061789
10312.232,100,678.061814
10258.939,100,678.061838
10396.957,100,678.061861
10446.771,100,678.061885
9969.351,100,678.061907
10185.099,100,678.061929
10266.152,100,679.424783
10054.03,100,679.424981
10273.898,100,679.425009
10070.415,100,679.425026
10367.832,100,679.425041
9997.908,100,679.425065
10301.106,100,679.42508
10580.297,100,679.425095
10261.35,100,679.42511
10584.692,100,679.425134
10475.121,100,680.886406
9915.418,100,680.886575
10038.259,100,680.88662
10481.098,100,680.886649
10463.13,100,680.886674
10143.057,100,680.886697
10598.145,100,680.886722
10007.375,100,680.886745
10124.397,100,680.886769
10570.572,100,680.886791
10227.619,100,682.37803
10193.785,100,682.378186
9903.204,100,682.378231
10129.514,100,682.378259
9871.694,100,682.378284
10125.075,100,682.378329
10419.328,100,682.378355
10090.572,100,682.378379
10024.203,100,682.378403
10059.01,100,682.378426
10047.2705,100,683.835772
10176.276,100,683.835932
10360.622,100,683.835976
10559.02,100,683.836005
10017.765,100,683.836032
10562.881,100,683.836058
10100.466,100,683.836085
9814.97,100,683.836109
10183.2705,100,683.836134
9898.426,100,683.83616
10032.263,100,737.771357
10262.711,100,737.771517
10171.626,100,737.77156
10166.966,100,737.771588
10183.789,100,737.771612
10226.267,100,737.771636
10381.067,100,737.771658
10253.4,100,737.771682
10932.956,100,737.771703
10161.284,100,737.771725
10536.213,100,739.52489
10210.24,100,739.525032
10055.778,100,739.525056
9979.653,100,739.525071
10733.316,100,739.525084
9896.622,100,739.525097
9895.734,100,739.52511
10272.122,100,739.525123
10410.2,100,739.525135
10116.169,100,739.525148
9654.436,100,741.038485
10382.605,100,741.038648
10108.175,100,741.038689
10143.758,100,741.038716
10212.88,100,741.038739
10051.657,100,741.038762
10890.338,100,741.038786
10511.536,100,741.03881
9937.964,100,741.038832
10407.649,100,741.038854
9432.195,100,742.486456
9575.057,100,742.486617
10435.977,100,742.486659
9840.246,100,742.486688
10198.872,100,742.486712
10415.951,100,742.486736
10306.024,100,742.486759
10049.354,100,742.486785
10256.916,100,742.486808
10013.878,100,742.48683
9854.199,100,744.03463
10099.11,100,744.034805
10416.537,100,744.034854
10108.662,100,744.034883
10147.938,100,744.034908
10384.646,100,744.034933
10288.404,100,744.034957
10107.964,100,744.034981
10241.686,100,744.035004
10077.291,100,744.035028
10469.724,100,799.387531
10434.576,100,799.387658
10721.177,100,799.387687
10622.833,100,799.387704
10214.788,100,799.387719
10054.454,100,799.387735
10757.23,100,799.387749
10413.947,100,799.387764
10457.151,100,799.387779
10264.747,100,799.387793
10264.25,100,800.901397
10614.168,100,800.901526
10222.037,100,800.901548
10243.751,100,800.901564
10490.605,100,800.901578
10319.218,100,800.901591
10038.907,100,800.901604
10185.944,100,800.901618
9806.87,100,800.901631
9957.238,100,800.901645
9780.015,100,802.713552
10403.297,100,802.713697
10524.383,100,802.713744
9961.243,100,802.713773
10052.345,100,802.7138
10529.078,100,802.713825
10566.597,100,802.713851
10202.041,100,802.713876
10536.691,100,802.713902
9903.233,100,802.713926
9538.226,100,804.226596
10323.76,100,804.226754
10401.43,100,804.226796
10461.225,100,804.226823
10571.038,100,804.226847
9931.649,100,804.226897
9953.237,100,804.226947
10283.47,100,804.226973
9910.063,100,804.226997
10334.499,100,804.22702
10037.746,100,805.695623
10014.436,100,805.69578
10492.069,100,805.695824
9761.027,100,805.695854
10355.114,100,805.69588
9648.261,100,805.695904
10469.47,100,805.69593
9925.222,100,805.695955
10928.852,100,805.695979
10063.35,100,805.696004
10056.206,100,859.056807
10130.498,100,859.056993
9972.633,100,859.057022
9675.557,100,859.057039
10206.227,100,859.057054
9982.326,100,859.057068
10339.908,100,859.057082
10441.181,100,859.057097
10415.739,100,859.057111
10013.427,100,859.057125
10210.075,100,860.680514
10032.204,100,860.680682
9714.855,100,860.680727
10117.68,100,860.680754
10150.706,100,860.680778
10703.633,100,860.680801
10121.811,100,860.680824
10426.793,100,860.680847
10289.0205,100,860.68087
10509.58,100,860.680894
10063.831,100,862.1969
9598.446,100,862.197067
10464.348,100,862.197114
9961.667,100,862.197144
9851.695,100,862.19717
10378.169,100,862.197196
9896.964,100,862.197223
10671.5,100,862.19725
10233.97,100,862.197277
10092.64,100,862.197301
10106.005,100,863.682473
10382.247,100,863.682614
10514.0625,100,863.682637
10178.549,100,863.682651
9912.814,100,863.682663
10236.563,100,863.682676
10108.053,100,863.682688
10004.231,100,863.6827
10666.556,100,863.682712
9962.992,100,863.682725
10078.063,100,865.183353
9762.767,100,865.183492
10374.238,100,865.183532
10467.962,100,865.18356
10169.752,100,865.183584
10241.811,100,865.183607
10014.749,100,865.183632
10147.521,100,865.183655
10347.185,100,865.18368
10308.644,100,865.183703
10664.459,100,920.988631
10545.553,100,920.988803
10105.506,100,920.988852
10326.707,100,920.988883
9699.7,100,920.98891
10469.417,100,920.988937
9724.628,100,920.988962
10312.307,100,920.988987
10103.989,100,920.989011
9757.707,100,920.989035
10225.521,100,922.578026
10441.648,100,922.578167
10488.664,100,922.578192
9854.886,100,922.578208
10548.399,100,922.578223
10639.7705,100,922.578237
10606.577,100,922.578251
10215.777,100,922.578265
10105.547,100,922.578278
10062.388,100,922.578291
10185.712,100,923.981824
9921.756,100,923.98198
9754.379,100,923.982021
10192.318,100,923.98205
10440.762,100,923.982074
9903.828,100,923.982098
10227.671,100,923.982125
10177.067,100,923.982148
9919.647,100,923.982172
9788.5205,100,923.982194
9977.376,100,925.459064
10468.518,100,925.459227
10329.199,100,925.459272
10310.424,100,925.459302
9864.185,100,925.459354
10439.922,100,925.459382
10649.5,100,925.459408
10385.6455,100,925.459433
10319.1875,100,925.459457
9462.397,100,925.459482
10318.125,100,926.982855
10255.697,100,926.983021
9863.526,100,926.983067
10213.518,100,926.983096
10005.076,100,926.983122
10008.249,100,926.983146
10103.331,100,926.983172
10329.968,100,926.983195
9806.853,100,926.98322
10430.203,100,926.983244
10282.485,100,1000.946914
10343.283,100,1000.949468
10097.458,100,1000.949577
9943.412,100,1000.949613
9968.595,100,1000.94964
10208.731,100,1000.949665
10131.767,100,1000.949691
10379.543,100,1000.949714
10394.135,100,1000.949739
10059.917,100,1000.949763
10466.124,100,1002.65201
10027.857,100,1002.652165
10098.14,100,1002.652191
9786.278,100,1002.652208
10628.16,100,1002.652223
10258.295,100,1002.652238
9822.203,100,1002.652252
10547.526,100,1002.652267
10183.468,100,1002.652281
10247.196,100,1002.652294
10612.715,100,1005.344975
10398.554,100,1005.345151
9934.741,100,1005.3452
10402.931,100,1005.345234
10702.207,100,1005.345266
10407.055,100,1005.345295
10347.698,100,1005.345354
9916.372,100,1005.345384
10512.829,100,1005.345412
9839.346,100,1005.34544
9963.43,100,1006.942013
9822.566,100,1006.942171
10397.161,100,1006.942216
10432.082,100,1006.942247
10610.98,100,1006.942274
10442.335,100,1006.9423
9895.857,100,1006.942355
10378.445,100,1006.94238
10340.786,100,1006.942406
9812.798,100,1006.94243
9995.447,100,1038.801883
9905.7,100,1038.802292
9604.889,100,1038.80252
10201.659,100,1038.802574
10503.089,100,1038.802626
10630.775,100,1038.802778
10338.276,100,1038.802901
10256.56,100,1038.803014
10128.09,100,1038.803052
10400.11,100,1038.803241
10226.109,100,1114.951821
10185.646,100,1114.954317
10134.78,100,1114.954427
9976.405,100,1114.954465
9985.446,100,1114.954493
10348.424,100,1114.954519
10031.676,100,1114.954545
10023.743,100,1114.954572
9598.79,100,1114.954597
10240.773,100,1114.954621
10261.376,100,1116.741773
10017.373,100,1116.741925
9775.4375,100,1116.741954
10403.121,100,1116.741971
9801.718,100,1116.741986
10427.994,100,1116.742002
10578.56,100,1116.742016
9937.186,100,1116.742033
10253.918,100,1116.742049
10873.228,100,1116.742064
10426.686,100,1120.202066
9886.624,100,1120.202264
10684.222,100,1120.202357
10344.57,100,1120.202397
10369.767,100,1120.202425
9929.142,100,1120.202454
10029.39,100,1120.202483
10050.209,100,1120.202511
10141.631,100,1120.202539
10222.562,100,1120.202567
10598.45,100,1122.327746
9921.304,100,1122.327934
10406.366,100,1122.327986
10579.158,100,1122.328021
10541.561,100,1122.328052
9986.588,100,1122.328079
10409.372,100,1122.328107
10450.947,100,1122.328137
10308.017,100,1122.328163
10281.433,100,1122.328191
10099.03,100,1124.426149
10431.021,100,1124.426534
10261.886,100,1124.426735
10072.114,100,1124.426889
10271.474,100,1124.427012
9895.651,100,1124.4271
10295.065,100,1124.427174
10286.521,100,1124.427226
9914.345,100,1124.427278
9812.943,100,1124.42741
10535.157,100,1126.074073
10558.482,100,1126.074253
10208.438,100,1126.074304
10293.568,100,1126.074364
10522.668,100,1126.074394
10033.891,100,1126.074421
9849.072,100,1126.074447
10293.751,100,1126.074474
9921.524,100,1126.0745
10159.198,100,1126.074528
9886.447,100,1188.176791
10823.002,100,1188.179145
10953.711,100,1188.179219
10656.504,100,1188.179237
10122.416,100,1188.179251
10440.324,100,1188.179264
10261.19,100,1188.179278
9906.362,100,1188.179291
10620.632,100,1188.179315
10465.479,100,1188.179328
10417.355,100,1190.453681
9960.71,100,1190.453897
10204.57,100,1190.454002
9830.973,100,1190.454053
10535.222,100,1190.45409
10819.209,100,1190.45412
10255.612,100,1190.45415
9949.883,100,1190.454186
10050.776,100,1190.45423
10345.864,100,1190.454264
9978.74,100,1192.219777
10254.503,100,1192.219937
10681.255,100,1192.219984
10217.257,100,1192.220013
9845.6,100,1192.22004
10552.801,100,1192.220067
9871.998,100,1192.220094
9869.125,100,1192.220119
10145.649,100,1192.220145
10236.504,100,1192.220169
10146.314,100,1194.97491
10339.34,100,1194.975061
10056.388,100,1194.97509
10216.505,100,1194.975108
10291.118,100,1194.975124
10280.732,100,1194.975139
9834.773,100,1194.975155
10041.404,100,1194.97517
10388.256,100,1194.975185
9815.605,100,1194.9752
10099.949,100,1197.375671
10178.218,100,1197.375833
10482.029,100,1197.375876
10152.664,100,1197.375906
10250.443,100,1197.375931
10128.346,100,1197.375954
10138.771,100,1197.375981
10289.251,100,1197.376004
10654.712,100,1197.376028
10101.419,100,1197.376051
9989.506,100,1258.516357
10481.914,100,1258.516628
10248.593,100,1258.516704
10244.449,100,1258.516755
9550.142,100,1258.516824
10018.995,100,1258.516858
10262.6045,100,1258.516888
9939.666,100,1258.516917
9877.786,100,1258.516945
10014.589,100,1258.516974
9800.664,100,1262.797782
10355.126,100,1262.797925
10628.311,100,1262.797951
10440.685,100,1262.797967
10014.483,100,1262.797983
10420.733,100,1262.797997
10011.009,100,1262.798012
9843.118,100,1262.798027
10334.499,100,1262.798042
10450.836,100,1262.798057
10464.489,100,1265.02313
10388.101,100,1265.023295
10619.382,100,1265.023334
10809.341,100,1265.023352
10060.253,100,1265.023368
10142.775,100,1265.023383
10492.292,100,1265.023399
10196.455,100,1265.023414
10253.852,100,1265.02343
10105.5205,100,1265.023447
10360.064,100,1267.739319
9995.233,100,1267.739482
9656.263,100,1267.739506
10224.116,100,1267.739522
10328.324,100,1267.739537
10736.546,100,1267.739551
10140.404,100,1267.739569
10630.044,100,1267.739583
10135.561,100,1267.73962
10380.324,100,1267.739655
10218.025,100,1270.858571
10591.225,100,1270.858762
10147.099,100,1270.858799
10263.062,100,1270.858816
9986.685,100,1270.858829
10614.608,100,1270.858845
10360.042,100,1270.858859
10113.459,100,1270.858871
10015.545,100,1270.858885
10475.665,100,1270.8589
9804.035,100,1331.265198
10325.01,100,1331.265396
10106.444,100,1331.265425
9935.935,100,1331.265442
10861.729,100,1331.265456
10462.829,100,1331.26547
10059.433,100,1331.265485
10005.303,100,1331.265498
9910.596,100,1331.265512
10276.022,100,1331.265525
10232.322,100,1332.904232
10097.799,100,1332.904428
9763.178,100,1332.904482
10102.001,100,1332.904589
10369.722,100,1332.904621
9664.34,100,1332.904649
9717.092,100,1332.904676
10285.612,100,1332.904701
10193.43,100,1332.904728
9829.93,100,1332.904754
9920.014,100,1334.614016
10362.563,100,1334.614175
10224.761,100,1334.614223
10068.204,100,1334.614254
10509.779,100,1334.614281
10169.191,100,1334.61433
10447.32,100,1334.614357
10158.328,100,1334.614384
10000.595,100,1334.614409
9752.649,100,1334.614434
10522.637,100,1336.452937
10487.716,100,1336.453122
10279.94,100,1336.45315
10308.799,100,1336.453167
10029.647,100,1336.453182
10213.048,100,1336.453195
10262.08,100,1336.453209
10760.171,100,1336.453223
9679.12,100,1336.453236
10145.44,100,1336.45325
9924.881,100,1338.331736
9920.574,100,1338.331919
10325.162,100,1338.331947
10295.124,100,1338.331973
9904.231,100,1338.331991
10217.887,100,1338.332007
10025.849,100,1338.332023
10470.16,100,1338.33204
10206.946,100,1338.332056
10119.74,100,1338.332071
9870.751,100,1401.637447
10368.032,100,1401.637598
9947.746,100,1401.637625
10322.877,100,1401.637649
10253.879,100,1401.637664
10039.139,100,1401.637679
10093.71,100,1401.637692
10131.49,100,1401.637706
10198.533,100,1401.637719
10581.244,100,1401.637732
10053.75,100,1403.386787
10037.012,100,1403.386947
10132.269,100,1403.386993
10521.599,100,1403.387022
10314.259,100,1403.387048
10177.293,100,1403.387077
10387.811,100,1403.387102
10634.261,100,1403.387128
10210.1875,100,1403.387152
9613.8955,100,1403.387178
10373.211,100,1404.858438
9913.829,100,1404.858572
10265.501,100,1404.858596
10317.067,100,1404.858611
10344.579,100,1404.858624
10800.357,100,1404.858636
10697.5205,100,1404.858649
10247.359,100,1404.858663
9954.021,100,1404.858675
10401.731,100,1404.858687
10051.518,100,1406.390239
9786.785,100,1406.390429
10316.07,100,1406.390478
10387.058,100,1406.390506
10290.481,100,1406.390531
9955.2295,100,1406.390555
10050.407,100,1406.390581
10107.908,100,1406.390605
9823.837,100,1406.390629
9988.852,100,1406.390652
10119.263,100,1407.908513
10645.545,100,1407.908675
10191.669,100,1407.90872
10362.908,100,1407.90875
10325.02,100,1407.908777
10584.993,100,1407.908805
10528.375,100,1407.908831
10585.725,100,1407.908857
10133.259,100,1407.90888
9880.689,100,1407.908906
10220.05,100,1461.419502
10297.984,100,1461.41966
10338.009,100,1461.419707
10209.629,100,1461.419739
10243.002,100,1461.419767
10612.945,100,1461.419794
9805.652,100,1461.41982
10226.874,100,1461.419847
9907.341,100,1461.419871
10394.139,100,1461.419896
9816.1,100,1462.946899
10103.193,100,1462.947052
9877.102,100,1462.947095
10341.463,100,1462.947123
10360.186,100,1462.947147
9918.428,100,1462.94717
10148.169,100,1462.947193
10213.757,100,1462.94722
10277.938,100,1462.947242
9982.254,100,1462.947266
9584.775,100,1464.44184
10779.784,100,1464.441986
10153.453,100,1464.442009
9917.875,100,1464.442024
9912.898,100,1464.442037
10406.704,100,1464.44205
10490.256,100,1464.442065
10184.955,100,1464.442077
10366.866,100,1464.442089
10177.506,100,1464.442101
10184.415,100,1465.898565
10491.831,100,1465.898732
10627.795,100,1465.898776
10112.185,100,1465.898805
10572.384,100,1465.898831
10226.239,100,1465.898855
9788.567,100,1465.898879
10300.424,100,1465.898906
10166.926,100,1465.89893
10330.098,100,1465.898955
10141.491,100,1467.405765
10669.536,100,1467.40591
10794.869,100,1467.405952
9837.354,100,1467.406032
10731.979,100,1467.406083
9888.459,100,1467.40611
10307.343,100,1467.406135
10582.593,100,1467.40616
10261.078,100,1467.406182
10435.488,100,1467.406205
10094.674,100,1522.920368
10387.295,100,1522.920517
10270.957,100,1522.920545
10414.804,100,1522.92056
10041.675,100,1522.920574
9988.755,100,1522.920587
9959.573,100,1522.9206
10001.777,100,1522.920612
9784.271,100,1522.920625
10089.724,100,1522.920637
9988.493,100,1524.471884
10036.057,100,1524.472054
9985.106,100,1524.472088
10386.446,100,1524.472103
10355.097,100,1524.472117
10453.943,100,1524.47213
10461.016,100,1524.472143
10636.528,100,1524.472156
10113.357,100,1524.472168
10642.029,100,1524.472184
10059.416,100,1526.151736
9897.101,100,1526.151897
9613.545,100,1526.151943
9361.891,100,1526.151973
10323.208,100,1526.152
10034.4,100,1526.152026
10271.434,100,1526.152056
10065.402,100,1526.152083
10348.326,100,1526.152107
9886.8125,100,1526.152133
10564.692,100,1527.78334
10270.153,100,1527.783481
9954.867,100,1527.783505
10096.423,100,1527.783521
10106.817,100,1527.783536
10336.503,100,1527.78355
10291.588,100,1527.783565
10197.722,100,1527.783578
10043.841,100,1527.783592
10303.521,100,1527.783605
10252.421,100,1529.456615
9956.87,100,1529.456777
10069.129,100,1529.456801
10297.501,100,1529.456818
10081.529,100,1529.456832
9609.543,100,1529.456845
10013.481,100,1529.456859
9942.997,100,1529.456872
9682.739,100,1529.456885
10268.14,100,1529.456899
10429.948,100,1585.726438
10328.798,100,1585.726596
10233.288,100,1585.72664
10454.537,100,1585.726669
10212.934,100,1585.726695
10021.764,100,1585.72672
9670.568,100,1585.726744
9780.829,100,1585.726768
10579.791,100,1585.726792
10389.298,100,1585.726816
10157.774,100,1587.227077
10093.385,100,1587.227243
10437.81,100,1587.227286
10127.111,100,1587.227341
10425.576,100,1587.227368
9903.057,100,1587.227395
10389.044,100,1587.22742
10221.02,100,1587.227445
10398.895,100,1587.227468
10614.851,100,1587.227492
9877.524,100,1588.77035
10313.506,100,1588.770516
10145.986,100,1588.770569
9819.399,100,1588.770604
10058.226,100,1588.770632
10529.047,100,1588.77066
10491.807,100,1588.770687
9877.679,100,1588.770713
10043.238,100,1588.770739
10364.458,100,1588.770764
10079.578,100,1626.706203
10516.691,100,1626.706392
10303.506,100,1626.706447
9673.723,100,1626.70648
10067.123,100,1626.706508
9934.953,100,1626.706535
10423.644,100,1626.706564
9868.73,100,1626.706591
10141.686,100,1626.706618
10412.603,100,1626.706643
9977.603,100,1628.196477
9987.219,100,1628.196629
10078.891,100,1628.196671
10130.964,100,1628.196699
9999.0625,100,1628.196723
10377.852,100,1628.196747
10492.056,100,1628.196773
10047.639,100,1628.196797
10705.823,100,1628.196821
10096.919,100,1628.196844
9581.85,100,1683.230504
10574.163,100,1683.230676
10115.093,100,1683.230729
10310.764,100,1683.230762
10231.202,100,1683.23079
9915.004,100,1683.230818
10295.715,100,1683.230844
10310.54,100,1683.230872
9866.837,100,1683.230898
10292.263,100,1683.230923
10209.506,100,1685.431038
10160.117,100,1685.43118
10518.082,100,1685.431206
10466.267,100,1685.431223
10486.943,100,1685.431239
9966.113,100,1685.431254
10018.787,100,1685.43127
10184.72,100,1685.431285
10515.272,100,1685.4313
9873.751,100,1685.431334
10441.552,100,1686.752101
9992.943,100,1686.752273
10304.103,100,1686.752368
10718.886,100,1686.752405
9833.483,100,1686.752434
9851.67,100,1686.752465
10295.404,100,1686.752491
10215.473,100,1686.752519
10504.321,100,1686.752545
10249.277,100,1686.752573
10228.347,100,1688.266456
10376.351,100,1688.266618
10193.931,100,1688.266661
10456.305,100,1688.266691
10213.415,100,1688.266717
10399.978,100,1688.266742
10487.905,100,1688.266768
10486.739,100,1688.266791
10904.194,100,1688.266815
10170.342,100,1688.266838
9918.597,100,1690.108338
10546.965,100,1690.108505
10266.635,100,1690.108551
10047.992,100,1690.10858
9945.504,100,1690.108606
10260.574,100,1690.108631
10193.956,100,1690.108655
10022.816,100,1690.108704
10220.101,100,1690.108755
10185.564,100,1690.108781
10361.319,100,1691.675012
10157.429,100,1691.675177
10544.485,100,1691.675223
10120.875,100,1691.675252
9661.648,100,1691.675278
9887.323,100,1691.675327
9880.943,100,1691.675357
10245.402,100,1691.675383
9861.041,100,1691.675407
10205.143,100,1691.675433
9590.303,100,1746.919246
10738.459,100,1746.919459
9748.104,100,1746.919511
10329.796,100,1746.919541
10069.894,100,1746.919568
10037.747,100,1746.919593
10081.621,100,1746.919617
10359.63,100,1746.919642
10396.59,100,1746.919666
10525.605,100,1746.919689
10597.105,100,1748.395936
10352.294,100,1748.396085
10144.884,100,1748.396129
9996.487,100,1748.396159
10012.54,100,1748.396185
10481.439,100,1748.396213
10147.547,100,1748.396239
10048.135,100,1748.396264
9791.599,100,1748.396288
10353.818,100,1748.396337
9539.356,100,1750.004684
10177.179,100,1750.004854
10846.617,100,1750.004876
9959.648,100,1750.004899
10326.532,100,1750.004913
10177.329,100,1750.004925
10666.226,100,1750.004938
10531.616,100,1750.004951
10815.067,100,1750.004963
10389.729,100,1750.004975
10577.032,100,1751.506221
10552.947,100,1751.506399
10171.262,100,1751.506445
10281.967,100,1751.506472
10007.023,100,1751.506495
10227.8,100,1751.506521
10021.457,100,1751.506543
10259.094,100,1751.506567
10415.602,100,1751.506588
10347.184,100,1751.506611
10197.354,100,1752.925987
10051.002,100,1752.926104
10403.869,100,1752.926123
10302.907,100,1752.926134
10550.646,100,1752.926145
10444.307,100,1752.926154
10434.811,100,1752.926163
10543.442,100,1752.926172
10431.69,100,1752.926181
10085.043,100,1752.92619
9826.13,100,1809.769171
10331.436,100,1809.769388
10293.578,100,1809.769421
9683.506,100,1809.76944
9789.493,100,1809.769459
9599.162,100,1809.769476
9784.79,100,1809.769493
9876.649,100,1809.769511
10258.039,100,1809.769527
9623.078,100,1809.769544
10212.156,100,1811.615083
10549.964,100,1811.615233
9831.209,100,1811.615258
10576.108,100,1811.615275
10236.684,100,1811.61529
9575.099,100,1811.615322
10567.754,100,1811.615337
9731.58,100,1811.615351
9724.974,100,1811.615366
10080.784,100,1811.615383
10019.183,100,1813.067167
10297.758,100,1813.067375
9836.642,100,1813.067406
10288.817,100,1813.067424
10415.593,100,1813.067439
9889.785,100,1813.067453
10343.983,100,1813.067468
10411.336,100,1813.067482
10424.349,100,1813.067497
10181.259,100,1813.067512
9970.252,100,1814.555667
9782.25,100,1814.555823
10416.528,100,1814.555868
10374.838,100,1814.555899
10019.004,100,1814.555925
10132.835,100,1814.555949
10079.538,100,1814.555974
10213.959,100,1814.555999
9849.429,100,1814.556025
10141.613,100,1814.556049
9969.557,100,1815.989786
10153.547,100,1815.989931
10168.94,100,1815.989955
10074.408,100,1815.98997
10429.294,100,1815.989985
10383.463,100,1815.989999
10555.363,100,1815.990011
10195.112,100,1815.990025
9850.779,100,1815.990037
10339.498,100,1815.990049
9718.1,100,1872.243348
10024.735,100,1872.243505
10361.7295,100,1872.243547
10365.84,100,1872.243575
9812.081,100,1872.2436
9884.216,100,1872.243624
9953.368,100,1872.243647
10005.077,100,1872.243673
10276.963,100,1872.243696
10245.357,100,1872.24372
10160.454,100,1873.714036
10354.639,100,1873.714198
10500.19,100,1873.714241
10105.668,100,1873.714269
10207.237,100,1873.714293
10260.121,100,1873.714363
10727.527,100,1873.71439
10208.785,100,1873.714414
10528.928,100,1873.714439
10609.492,100,1873.714463
10158.771,100,1875.139975
10589.521,100,1875.140145
10087.571,100,1875.14017
10719.203,100,1875.140186
10070.686,100,1875.140199
10016.598,100,1875.140212
9638.194,100,1875.140225
10272.317,100,1875.140238
10206.441,100,1875.140251
10292.023,100,1875.140264
10362.041,100,1876.615775
10010.402,100,1876.615929
10044.921,100,1876.61597
9895.484,100,1876.615999
10228.377,100,1876.616024
10449.358,100,1876.616047
10213.709,100,1876.616073
10194.013,100,1876.616097
10461.181,100,1876.616121
9956.211,100,1876.616144
10358.238,100,1877.963402
10014.775,100,1877.963583
10566.619,100,1877.963651
9812.99,100,1877.963681
9959.601,100,1877.963706
10198.505,100,1877.96373
10053.27,100,1877.963757
10114.343,100,1877.963781
9974.612,100,1877.963804
10077.566,100,1877.963828
10055.161,100,1933.546496
10268.599,100,1933.546665
10012.581,100,1933.546714
9843.167,100,1933.546744
9826.487,100,1933.546771
10194.37,100,1933.546796
10007.458,100,1933.54682
10474.499,100,1933.546845
10452.958,100,1933.546869
9998.909,100,1933.546892
10250.07,100,1935.019798
9868.877,100,1935.019962
9940.567,100,1935.020008
10171.944,100,1935.020037
10158.44,100,1935.020062
10501.638,100,1935.020086
10832.936,100,1935.020109
10441.033,100,1935.020132
10158.161,100,1935.020154
10139.627,100,1935.020176
10378.726,100,1936.468739
10068.878,100,1936.468907
10356.396,100,1936.468956
9870.547,100,1936.468986
10592.045,100,1936.469012
10198.649,100,1936.469038
10136.479,100,1936.469062
10182.024,100,1936.469086
10197.076,100,1936.469109
9969.936,100,1936.469133
10162.357,100,1938.524008
9959.214,100,1938.524184
10486.084,100,1938.524235
10203.267,100,1938.524265
10134.883,100,1938.524291
9815.533,100,1938.524338
9713.047,100,1938.524366
10016.34,100,1938.52439
10316.936,100,1938.524415
9794.645,100,1938.524438
10235.857,100,1941.43239
10492.063,100,1941.43258
9734.538,100,1941.432663
9858.513,100,1941.432699
10008.164,100,1941.43273
10087.157,100,1941.432759
10050.835,100,1941.432789
10444.898,100,1941.432816
10422.75,100,1941.432842
10402.242,100,1941.432867
10316.796,100,1998.836238
10005.516,100,1998.836401
10290.589,100,1998.836436
10258.648,100,1998.836455
9916.816,100,1998.836472
9810.869,100,1998.836488
10528.17,100,1998.836504
10327.054,100,1998.836519
9989.403,100,1998.836535
10431.434,100,1998.83655
10056.972,100,2000.189616
10407.345,100,2000.189774
10533.603,100,2000.189819
9738.806,100,2000.189847
9626.052,100,2000.189874
9888.122,100,2000.189899
10232.757,100,2000.189928
10379.268,100,2000.189952
10153.162,100,2000.189977
10349.492,100,2000.19
10113.99,100,2001.726157
10311.7,100,2001.726344
10329.568,100,2001.726397
10401.69,100,2001.726427
10481.542,100,2001.726452
9928.809,100,2001.726476
9682.859,100,2001.726502
10706.35,100,2001.726526
10453.42,100,2001.72655
10234.148,100,2001.726573
10051.525,100,2003.073016
9958.304,100,2003.073137
10641.997,100,2003.073156
10630.798,100,2003.073167
10351.771,100,2003.073177
10286.487,100,2003.073187
10500.144,100,2003.073197
10022.097,100,2003.073206
10838.665,100,2003.073214
9834.135,100,2003.073223
10432.467,100,2004.410422
10110.317,100,2004.410576
10383.005,100,2004.41062
10257.913,100,2004.41065
10097.608,100,2004.410676
10371.702,100,2004.410701
10316.667,100,2004.410727
10207.129,100,2004.410751
10060.093,100,2004.410777
10142.713,100,2004.4108
10130.244,100,2062.855625
10582.9795,100,2062.855757
10015.801,100,2062.855783
10405.838,100,2062.855797
10579.424,100,2062.855807
10277.366,100,2062.855816
10393.546,100,2062.855826
9711.216,100,2062.855835
10023.949,100,2062.855845
10054.734,100,2062.855854
9999.826,100,2065.424041
9982.626,100,2065.424422
10389.137,100,2065.425175
9920.737,100,2065.425748
10165.953,100,2065.425903
10580.753,100,2065.425965
10413.635,100,2065.426003
9986.02,100,2065.426035
10174.87,100,2065.426067
9929.986,100,2065.426099
10071.277,100,2068.507248
10068.305,100,2068.51067
9824.819,100,2068.511489
10228.095,100,2068.51209
10165.039,100,2068.512253
10132.924,100,2068.51236
10108.242,100,2068.512385
10242.879,100,2068.512404
10145.206,100,2068.512422
10460.815,100,2068.51244
10042.247,100,2070.80821
10305.991,100,2070.808405
9693.324,100,2070.808463
10014.29,100,2070.808495
10173.277,100,2070.808522
10321.594,100,2070.80855
9774.038,100,2070.808579
10650.941,100,2070.808605
9901.926,100,2070.808632
10565.3125,100,2070.808658
10006.753,100,2072.478804
9942.031,100,2072.478974
10309.762,100,2072.479027
10043.921,100,2072.47906
10634.677,100,2072.479091
10404.706,100,2072.479147
10145.919,100,2072.479202
10469.856,100,2072.479233
10176.399,100,2072.47926
10385.217,100,2072.479288
10475.885,100,2129.57507
10379.41,100,2129.57528
10449.474,100,2129.575823
9853.246,100,2129.575869
10277.604,100,2129.575888
10448.458,100,2129.575905
10337.281,100,2129.575922
10238.853,100,2129.575938
10537.961,100,2129.575955
10117.414,100,2129.575971
10746.083,100,2131.086682
10505.224,100,2131.086846
10524.455,100,2131.086895
9785.516,100,2131.086925
9892.978,100,2131.086951
9741.301,100,2131.086976
9996.898,100,2131.087
10409.535,100,2131.087025
10338.849,100,2131.08705
10398.747,100,2131.087075
10382.324,100,2165.819605
9713.46,100,2165.819768
10165.822,100,2165.819816
10314.187,100,2165.819847
10443.427,100,2165.819874
9914.863,100,2165.819901
10167.766,100,2165.819929
10081.891,100,2165.819955
9991.646,100,2165.81998
10254.728,100,2165.820005
10125.537,100,2167.241
9816.764,100,2167.241144
10271.987,100,2167.241171
10115.261,100,2167.241184
10145.131,100,2167.241197
10330.319,100,2167.24121
10584.148,100,2167.241223
10873.308,100,2167.241236
10053.624,100,2167.241248
10033.702,100,2167.241261
10490.764,100,2168.684798
9919.453,100,2168.684968
9902.327,100,2168.685018
10381.234,100,2168.68505
10514.74,100,2168.685076
10508.661,100,2168.685102
9842.457,100,2168.685127
10688.431,100,2168.685154
10155.183,100,2168.685178
10215.56,100,2168.685204
9935.902,100,2225.816822
9979.186,100,2225.816967
9850.316,100,2225.816994
10583.128,100,2225.817009
10215.694,100,2225.817023
10352.787,100,2225.817036
10807.701,100,2225.817049
10215.22,100,2225.817061
10538.688,100,2225.817074
10125.778,100,2225.817087
10379.982,100,2226.87026
10617.629,100,2226.870454
10114.352,100,2226.870481
9902.745,100,2226.870496
10456.93,100,2226.87051
10350.755,100,2226.870526
10223.136,100,2226.870541
10208.396,100,2226.870555
9537.052,100,2226.870568
10525.54,100,2226.870581
10181.182,100,2228.458977
9970.59,100,2228.459364
10161.831,100,2228.459487
9816.473,100,2228.459577
10801.639,100,2228.459659
9948.342,100,2228.459673
10319.724,100,2228.459688
9597.464,100,2228.459701
10054.076,100,2228.459715
9910.196,100,2228.45973
9639.04,100,2230.541218
10640.879,100,2230.541373
10171.263,100,2230.541401
10004.723,100,2230.541418
10014.695,100,2230.541433
10375.082,100,2230.541448
9913.178,100,2230.541463
10430.193,100,2230.541478
10163.769,100,2230.541492
10149.789,100,2230.541508
9816.869,100,2232.580827
10446.407,100,2232.580993
10481.303,100,2232.58102
9765.711,100,2232.581034
9914.2705,100,2232.581046
9756.345,100,2232.581059
10294.256,100,2232.58107
9937.806,100,2232.581082
10251.768,100,2232.581094
10682.035,100,2232.581105
9987.409,100,2292.375981
10014.736,100,2292.37617
10615.578,100,2292.376229
10021.873,100,2292.376264
10331.099,100,2292.376295
9938.234,100,2292.376351
10001.543,100,2292.376384
10168.992,100,2292.376412
10029.66,100,2292.37644
9975.003,100,2292.376468
10300.998,100,2294.555935
10199.139,100,2294.556085
10505.852,100,2294.55611
10589.823,100,2294.556122
10305.997,100,2294.556133
10563.081,100,2294.556143
9907.987,100,2294.556153
10509.077,100,2294.556163
9965.139,100,2294.556173
10371.816,100,2294.556183
10326.541,100,2296.542066
10051.745,100,2296.542245
10542.544,100,2296.542295
10306.45,100,2296.542358
9834.205,100,2296.542392
10218.599,100,2296.542418
9824.81,100,2296.542445
10220.558,100,2296.542471
10059.387,100,2296.542498
9865.264,100,2296.542524
10577.944,100,2298.654145
10085.02,100,2298.654355
10370.217,100,2298.654395
10353.3125,100,2298.654413
10324.947,100,2298.654431
10174.212,100,2298.654447
10417.43,100,2298.654462
10332.969,100,2298.654477
10002.258,100,2298.654493
10114.472,100,2298.654508
10077.68,100,2300.765468
9904.342,100,2300.765682
10375.817,100,2300.765748
10085.97,100,2300.765781
10308.026,100,2300.765812
10210.482,100,2300.76584
9905.241,100,2300.765867
10154.866,100,2300.765895
10376.483,100,2300.765922
10372.78,100,2300.765948
10105.613,100,2302.488275
9948.487,100,2302.488587
10421.357,100,2302.488677
10803.668,100,2302.488707
9825.538,100,2302.488736
9799.396,100,2302.488761
10030.62,100,2302.488787
10522.061,100,2302.488811
9947.706,100,2302.488838
9899.44,100,2302.488863
10253.108,100,2362.370247
10437.206,100,2362.370471
10272.28,100,2362.370526
10647.571,100,2362.370556
9903.8545,100,2362.370582
9530.33,100,2362.370609
9941.259,100,2362.370635
10156.061,100,2362.370661
10216.724,100,2362.370685
10103.421,100,2362.370709
10297.585,100,2364.66235
10263.1045,100,2364.662511
10372.906,100,2364.662558
10176.149,100,2364.662591
10700.144,100,2364.662618
9904.989,100,2364.662644
10010.008,100,2364.662671
10040.447,100,2364.662696
10658.517,100,2364.66272
10413.214,100,2364.662745
10100.764,100,2367.011422
10164.876,100,2367.011696
10301.481,100,2367.011861
10041.232,100,2367.01194
9799.505,100,2367.011986
10034.348,100,2367.012019
9953.054,100,2367.012049
10315.266,100,2367.012078
9825.154,100,2367.012106
10335.437,100,2367.012132
10276.591,100,2369.235222
10286.501,100,2369.235948
10359.278,100,2369.236105
10428.318,100,2369.236204
10220.921,100,2369.236293
10468.697,100,2369.236392
10004.241,100,2369.236477
10383.285,100,2369.236562
10375.257,100,2369.236638
10383.248,100,2369.236653
9950.128,100,2371.081424
10210.85,100,2371.081587
10198.278,100,2371.081611
10295.653,100,2371.081626
10460.805,100,2371.08164
10142.938,100,2371.081654
10054.737,100,2371.081667
10043.796,100,2371.081681
10170.592,100,2371.081694
10357.611,100,2371.081707
10247.13,100,2477.244176
9948.754,100,2477.24436
10235.881,100,2477.244399
10252.634,100,2477.244415
10236.317,100,2477.244434
10046.989,100,2477.244455
10614.697,100,2477.244469
10244.564,100,2477.244481
9764.39,100,2477.2445
10619.742,100,2477.244514
9795.101,100,2481.592125
10330.795,100,2481.592332
10084.685,100,2481.592367
10037.565,100,2481.592386
9884.407,100,2481.592402
10429.9795,100,2481.592418
10027.157,100,2481.592434
10365.321,100,2481.592449
9626.166,100,2481.592464
9754.454,100,2481.59248
10081.291,100,2484.441634
10113.712,100,2484.441823
9864.547,100,2484.441899
10387.545,100,2484.441936
9884.598,100,2484.441967
10450.754,100,2484.441998
10688.162,100,2484.442031
9970.3955,100,2484.442063
10180.956,100,2484.442096
10352.977,100,2484.442129
10305.557,100,2489.585062
10523.916,100,2489.585204
9508.227,100,2489.585231
9882.271,100,2489.585248
10267.36,100,2489.585261
10450.579,100,2489.585275
10511.007,100,2489.585289
10267.383,100,2489.585304
10377.517,100,2489.585335
9842.246,100,2489.58535
10081.8,100,2494.366287
10386.603,100,2494.366492
10942.239,100,2494.366553
9461.88,100,2494.366592
9943.337,100,2494.36663
9947.116,100,2494.366662
10559.02,100,2494.366699
10282.899,100,2494.366731
10153.09,100,2494.366762
10214.553,100,2494.366793
10152.097,100,2570.447274
10610.378,100,2570.447518
10029.928,100,2570.447567
9649.173,100,2570.447597
10618.566,100,2570.447623
10397.74,100,2570.447648
10455.104,100,2570.447672
10186.259,100,2570.447698
10327.202,100,2570.447724
10126.14,100,2570.447749
10157.05,100,2571.939772
9971.873,100,2571.939936
9936.169,100,2571.939981
10058.165,100,2571.940012
9761.287,100,2571.940041
10184.185,100,2571.940069
10114.002,100,2571.940095
10057.481,100,2571.940121
10029.43,100,2571.940145
10508.846,100,2571.94017
9695.625,100,2573.447948
10306.662,100,2573.448081
9965.883,100,2573.448105
10187.572,100,2573.44812
10582.341,100,2573.448134
10663.072,100,2573.448148
10223.233,100,2573.44816
10542.382,100,2573.448173
9894.602,100,2573.448185
10072.511,100,2573.448198
10073.614,100,2574.923567
10754.112,100,2574.923717
10104.456,100,2574.923758
10444.107,100,2574.923787
10079.34,100,2574.923812
10064.957,100,2574.923835
10404.236,100,2574.923859
10449.509,100,2574.923884
10472.46,100,2574.923908
9635.92,100,2574.923932
9809.892,100,2576.394984
10309.403,100,2576.395121
10386.266,100,2576.395164
9980.232,100,2576.395191
9903.556,100,2576.395235
10345.189,100,2576.395279
10425.848,100,2576.395343
10312.574,100,2576.395373
10286.006,100,2576.395398
9867.612,100,2576.395422
9676.871,100,2638.786548
9894.53,100,2638.788972
10857.396,100,2638.789024
10204.727,100,2638.789042
10625.631,100,2638.789058
10234.231,100,2638.789072
10137.498,100,2638.789087
10049.532,100,2638.789101
10568.008,100,2638.789116
11120.078,100,2638.789133
10007.01,100,2641.177752
10367.156,100,2641.177908
10678.276,100,2641.177954
10255.484,100,2641.177985
9914.831,100,2641.178013
10065.333,100,2641.178042
9928.878,100,2641.178069
9781.944,100,2641.178097
10456.671,100,2641.178122
10174.619,100,2641.178148
10301.809,100,2642.886616
10552.969,100,2642.886777
10187.107,100,2642.886824
10510.467,100,2642.886855
9698.62,100,2642.886883
10812.936,100,2642.88691
10619.506,100,2642.886939
10250.133,100,2642.886965
10375.562,100,2642.886992
10378.621,100,2642.887016
10399.056,100,2645.525368
10198.152,100,2645.525559
10005.097,100,2645.525584
10267.901,100,2645.525603
10362.226,100,2645.525619
10230.299,100,2645.525643
10347.453,100,2645.525659
9935.123,100,2645.525675
10078.359,100,2645.525691
10770.191,100,2645.525706
10238.817,100,2648.430085
10201.168,100,2648.430267
10184.208,100,2648.430344
10606.127,100,2648.430384
10156.992,100,2648.430416
9929.083,100,2648.430444
10436.295,100,2648.430471
9736.04,100,2648.430499
10403.289,100,2648.430527
10105.528,100,2648.430553
9764.122,100,2720.72833
10206.809,100,2720.728495
9824.042,100,2720.728551
10656.53,100,2720.728586
10050.185,100,2720.728614
10292.797,100,2720.728643
10243.586,100,2720.728671
10171.579,100,2720.728699
9879.991,100,2720.728725
9707.152,100,2720.728752
10017.898,100,2722.587205
10272.04,100,2722.587774
10016.984,100,2722.588064
10321.231,100,2722.588217
10422.269,100,2722.58826
10268.784,100,2722.588291
10536.887,100,2722.588343
10203.617,100,2722.58837
10225.344,100,2722.588396
10717.325,100,2722.588423
10483.535,100,2724.257495
10322.215,100,2724.257669
9665.178,100,2724.257714
10353.47,100,2724.257743
10470.318,100,2724.257769
10486.876,100,2724.257794
9689.444,100,2724.257824
10279.983,100,2724.257848
10173.202,100,2724.257874
10310.213,100,2724.257898
10047.049,100,2725.683493
10317.481,100,2725.683657
9772.856,100,2725.683704
10101.707,100,2725.683736
9929.099,100,2725.683763
9970.668,100,2725.683793
10370.647,100,2725.683818
10293.84,100,2725.683843
10888.879,100,2725.683867
9820.388,100,2725.683891
10103.115,100,2727.252128
9856.531,100,2727.25229
9910.395,100,2727.25237
10150.256,100,2727.252405
10082.202,100,2727.252434
9855.902,100,2727.252464
9839.706,100,2727.252491
10447.958,100,2727.252519
10315.005,100,2727.252544
10212.382,100,2727.252571
10054.446,100,2784.362274
9985.178,100,2784.362479
10454.461,100,2784.362528
10326.788,100,2784.362557
9703.68,100,2784.362583
9770.856,100,2784.362607
9969.087,100,2784.362633
10088.596,100,2784.362659
10625.312,100,2784.362683
9910.68,100,2784.362708
10546.261,100,2816.304255
9857.123,100,2816.304443
10077.645,100,2816.304497
10071.835,100,2816.304529
10438.368,100,2816.304559
10239.932,100,2816.304587
9827.402,100,2816.304614
10200.976,100,2816.304641
10111.845,100,2816.304667
10201.012,100,2816.304693
10245.533,100,2817.867058
10505.24,100,2817.867197
10676.969,100,2817.867219
10575.356,100,2817.867234
10393.012,100,2817.867247
10135.723,100,2817.86726
10197.375,100,2817.867274
10115.412,100,2817.867286
10255.895,100,2817.867301
10141.217,100,2817.867342
10111.943,100,2819.338692
10830.111,100,2819.338859
9856.982,100,2819.338913
10143.712,100,2819.338947
10089.25,100,2819.338977
10188.514,100,2819.339007
10659.664,100,2819.339036
10405.218,100,2819.339065
10565.227,100,2819.339092
10449.882,100,2819.339119
10417.795,100,2820.906527
10495.904,100,2820.906681
9843.056,100,2820.906727
9950.071,100,2820.906758
10160.168,100,2820.906784
10477.392,100,2820.906811
9978.166,100,2820.906837
10563.021,100,2820.906861
10153.923,100,2820.906909
10541.188,100,2820.906954
10177.157,100,2882.40564
10168.394,100,2882.405801
10151.635,100,2882.405851
10172.164,100,2882.405881
10148.082,100,2882.405907
10021.295,100,2882.405932
10396.686,100,2882.405957
10457.94,100,2882.405982
10275.17,100,2882.406005
10973.728,100,2882.406029
10268.383,100,2883.894689
10231.934,100,2883.894845
10153.38,100,2883.894869
10228.708,100,2883.894883
10427.606,100,2883.894896
9923.286,100,2883.894909
10406.659,100,2883.894923
10312.432,100,2883.894936
10546.912,100,2883.894948
9957.464,100,2883.894961
10163.319,100,2885.351246
10307.928,100,2885.351423
10044.397,100,2885.351449
10092.188,100,2885.351463
9926.227,100,2885.351476
10168.529,100,2885.351489
10518.075,100,2885.351503
10096.46,100,2885.351515
10271.845,100,2885.351528
10022.782,100,2885.35154
9840.899,100,2886.912017
10211.662,100,2886.912289
10235.56,100,2886.912458
10178.391,100,2886.912537
10416.765,100,2886.912596
9980.416,100,2886.912676
10613.94,100,2886.912737
10740.157,100,2886.912787
10435.407,100,2886.912839
10159.245,100,2886.912869
10274.899,100,2889.860173
10375.531,100,2889.860682
9854.205,100,2889.860737
10378.032,100,2889.860758
9747.927,100,2889.860774
10135.343,100,2889.860789
9971.758,100,2889.860886
9834.491,100,2889.860906
9737.337,100,2889.86092
9665.252,100,2889.860934
10307.579,100,2962.931635
10429.632,100,2962.931819
10441.534,100,2962.931884
10183.503,100,2962.931921
9946.015,100,2962.931952
10330.827,100,2962.931982
9970.23,100,2962.93201
10201.849,100,2962.932039
9869.567,100,2962.932068
9671.942,100,2962.932096
10356.76,100,2966.378348
9992.49,100,2966.378508
10487.129,100,2966.378559
10145.581,100,2966.378594
10613.615,100,2966.378624
9891.744,100,2966.378653
9684.794,100,2966.378682
10610.298,100,2966.378709
10216.949,100,2966.378737
10295.673,100,2966.378764
10303.552,100,2968.545279
10528.157,100,2968.545441
10152.157,100,2968.54547
10553.326,100,2968.545489
10608.994,100,2968.545505
9975.47,100,2968.545521
9999.391,100,2968.545536
9984.644,100,2968.545551
10225.525,100,2968.545566
9828.265,100,2968.545581
10411.941,100,2971.222668
9846.895,100,2971.222823
9994.732,100,2971.222867
10667.261,100,2971.222896
10755.623,100,2971.222923
10026.536,100,2971.222948
9935.678,100,2971.222972
10413.381,100,2971.222996
10038.669,100,2971.22302
9831.04,100,2971.223047
9734.406,100,2973.434477
10196.013,100,2973.434655
10423.255,100,2973.434683
10353.8125,100,2973.434699
10150.306,100,2973.434714
10207.176,100,2973.434729
10095.441,100,2973.434744
10442.287,100,2973.434759
10377.75,100,2973.434773
10256.384,100,2973.434787
10118.606,100,2975.380281
10055.586,100,2975.38047
10162.0205,100,2975.380519
10005.672,100,2975.380552
10203.313,100,2975.380579
10217.92,100,2975.380605
10510.392,100,2975.380633
10140.643,100,2975.380658
9987.967,100,2975.380682
10269.144,100,2975.380707
10522.909,100,3038.82644
10652.111,100,3038.826678
10381.8545,100,3038.826712
10182.529,100,3038.82673
10168.748,100,3038.826745
10171.004,100,3038.82676
10185.386,100,3038.826776
10094.967,100,3038.82679
9965.717,100,3038.826804
10044.52,100,3038.826819
10338.168,100,3040.893571
10259.994,100,3040.893744
9608.781,100,3040.893796
9959.094,100,3040.893827
9705.818,100,3040.893857
10607.731,100,3040.893884
10175.391,100,3040.893913
10320.535,100,3040.893938
10296.34,100,3040.893964
10209.693,100,3040.893988
10021.192,100,3042.686066
10533.422,100,3042.686218
10418.281,100,3042.686252
9825.934,100,3042.686264
9882.378,100,3042.686274
10252.135,100,3042.686284
9802.138,100,3042.686294
9963.425,100,3042.686303
10189.577,100,3042.686335
10279.399,100,3042.686345
10478.674,100,3044.701657
9608.173,100,3044.701805
10164.263,100,3044.701854
9819.163,100,3044.701889
10322.391,100,3044.701919
10181.0,100,3044.701949
10341.565,100,3044.701978
10190.045,100,3044.702007
10267.443,100,3044.702034
10380.758,100,3044.702064
9589.866,100,3046.159603
9806.744,100,3046.160007
9942.854,100,3046.160215
10476.798,100,3046.160398
10055.227,100,3046.160446
9868.446,100,3046.160475
10206.231,100,3046.1605
10053.979,100,3046.160524
10440.379,100,3046.160547
10042.763,100,3046.16057
9960.443,100,3103.178377
10362.565,100,3103.178521
10157.092,100,3103.178564
9877.626,100,3103.17859
10534.698,100,3103.178613
9922.003,100,3103.178635
10357.435,100,3103.178658
10054.972,100,3103.178679
10966.221,100,3103.178701
10043.947,100,3103.178722
10316.541,100,3104.596795
10083.3545,100,3104.596954
10269.206,100,3104.596999
10455.809,100,3104.597031
10330.057,100,3104.597058
9739.352,100,3104.597086
9964.756,100,3104.597112
10068.0,100,3104.597138
10101.979,100,3104.597162
9949.751,100,3104.597187
9870.323,100,3106.155661
10619.054,100,3106.155825
9890.424,100,3106.155872
10287.851,100,3106.155902
10654.651,100,3106.155929
10236.372,100,3106.155956
10125.104,100,3106.155982
9917.91,100,3106.156007
10177.618,100,3106.156032
10197.499,100,3106.156058
10635.946,100,3107.597822
10792.579,100,3107.597963
10056.434,100,3107.598003
10312.451,100,3107.59803
9920.943,100,3107.598053
10037.087,100,3107.598076
9969.129,100,3107.598101
10237.721,100,3107.598122
10300.305,100,3107.598145
10174.46,100,3107.598167
10112.242,100,3109.044191
10564.141,100,3109.044348
10461.092,100,3109.044374
10291.72,100,3109.044389
10256.043,100,3109.044401
9694.527,100,3109.044414
10231.31,100,3109.044428
9883.23,100,3109.044441
10566.557,100,3109.044455
9762.179,100,3109.044468
10615.859,100,3164.707153
10256.129,100,3164.707289
10317.454,100,3164.707327
9831.545,100,3164.707342
10149.913,100,3164.707355
10541.339,100,3164.707368
10158.832,100,3164.70738
10293.242,100,3164.707393
10065.763,100,3164.707404
10380.308,100,3164.707417
10204.772,100,3166.252719
10737.907,100,3166.252873
10158.552,100,3166.252918
10398.6045,100,3166.252948
10065.791,100,3166.252975
9787.497,100,3166.253
10306.389,100,3166.253028
10316.382,100,3166.253054
10514.495,100,3166.253079
10309.587,100,3166.253103
10050.004,100,3167.708735
10116.22,100,3167.708891
9951.205,100,3167.708935
10387.47,100,3167.708965
10362.995,100,3167.70899
9928.091,100,3167.709015
10160.385,100,3167.709042
10229.665,100,3167.709066
10123.091,100,3167.70909
10123.1875,100,3167.709112
10181.865,100,3169.221936
9886.238,100,3169.2221
10283.929,100,3169.222126
10576.116,100,3169.222142
9950.267,100,3169.222155
10096.491,100,3169.222168
10263.694,100,3169.222181
10537.157,100,3169.222194
9855.353,100,3169.222207
9864.311,100,3169.222219
9813.667,100,3170.493197
10251.246,100,3170.493376
10283.656,100,3170.493429
10108.817,100,3170.49346
10115.939,100,3170.493488
9922.632,100,3170.493513
10201.96,100,3170.49354
10182.887,100,3170.493564
9949.573,100,3170.493589
10283.729,100,3170.493612
10504.144,100,3226.523583
9931.975,100,3226.523754
10207.4,100,3226.52378
10061.633,100,3226.523798
10383.03,100,3226.523812
10259.025,100,3226.523826
10281.528,100,3226.523841
10444.074,100,3226.523855
10528.438,100,3226.52387
9745.759,100,3226.523884
10073.871,100,3229.105226
9875.195,100,3229.105411
10220.088,100,3229.105436
10457.695,100,3229.105453
10372.707,100,3229.105466
10252.971,100,3229.105479
10231.606,100,3229.105493
10052.507,100,3229.105507
10285.132,100,3229.105521
10200.911,100,3229.105535
10209.87,100,3230.574466
10302.46,100,3230.574598
10216.199,100,3230.574621
10988.63,100,3230.574636
10517.03,100,3230.57465
10091.156,100,3230.574664
9939.048,100,3230.574677
10555.935,100,3230.57469
10244.987,100,3230.574703
9754.938,100,3230.574717
10195.4,100,3232.049241
9889.432,100,3232.049371
10356.986,100,3232.049401
10523.266,100,3232.049417
10368.123,100,3232.049432
10409.48,100,3232.049446
10275.051,100,3232.04946
10142.873,100,3232.049475
10381.308,100,3232.049489
10571.089,100,3232.049502
10268.697,100,3233.660802
10504.512,100,3233.660971
9980.092,100,3233.661023
10467.449,100,3233.661055
10381.122,100,3233.661083
10082.3545,100,3233.661113
9895.17,100,3233.661168
10652.264,100,3233.661222
10026.44,100,3233.66125
10215.943,100,3233.661276
9994.944,100,3296.933576
9901.709,100,3296.933758
10280.597,100,3296.93381
10364.449,100,3296.933842
10535.666,100,3296.933871
10402.483,100,3296.933897
10065.922,100,3296.933922
10011.413,100,3296.93395
10305.901,100,3296.933977
10044.85,100,3296.934004
10322.575,100,3298.906645
9925.69,100,3298.906843
10643.698,100,3298.906895
10242.908,100,3298.906943
10367.213,100,3298.906997
9758.06,100,3298.907038
10438.186,100,3298.907065
10050.556,100,3298.907106
10231.356,100,3298.907146
10174.539,100,3298.907173
9773.111,100,3301.108731
10321.044,100,3301.109023
10731.906,100,3301.109062
10199.599,100,3301.109079
9902.52,100,3301.109093
10500.362,100,3301.109109
10233.675,100,3301.109124
10074.708,100,3301.109139
9794.806,100,3301.109154
9994.452,100,3301.109168
10065.133,100,3303.360548
10125.789,100,3303.360998
10233.323,100,3303.361217
10114.344,100,3303.361395
10596.948,100,3303.361535
10293.39,100,3303.361665
9963.458,100,3303.361788
9768.064,100,3303.361909
10625.665,100,3303.362027
10156.043,100,3303.362145
10108.909,100,3305.444293
10420.356,100,3305.444484
10663.518,100,3305.44453
10287.39,100,3305.444561
10867.511,100,3305.444588
10676.359,100,3305.444616
10344.885,100,3305.444644
9957.754,100,3305.44467
9724.886,100,3305.444697
10011.882,100,3305.444722
10458.753,100,3398.814754
10369.443,100,3398.817989
10080.328,100,3398.818153
10301.335,100,3398.818202
10033.559,100,3398.818233
10106.02,100,3398.818261
10143.626,100,3398.818291
10273.307,100,3398.8198
10231.999,100,3398.81993
10197.043,100,3398.820001
10085.167,100,3400.655961
10322.002,100,3400.656121
9783.544,100,3400.656168
10357.657,100,3400.656199
10182.547,100,3400.656227
10081.589,100,3400.656259
10362.846,100,3400.656286
9684.568,100,3400.656343
9983.394,100,3400.656374
10151.253,100,3400.6564
10270.034,100,3402.485576
10335.752,100,3402.485772
9998.314,100,3402.4858
10821.424,100,3402.485816
10087.262,100,3402.48583
10252.972,100,3402.485845
10492.114,100,3402.485859
9957.532,100,3402.485873
10130.074,100,3402.485887
9938.509,100,3402.4859
10543.152,100,3404.081999
10116.713,100,3404.082153
10296.621,100,3404.082197
10314.79,100,3404.082226
10081.733,100,3404.082251
10062.354,100,3404.08228
10316.409,100,3404.082332
10521.913,100,3404.08236
10222.627,100,3404.082385
9768.45,100,3404.08241
10068.579,100,3405.705034
10141.142,100,3405.705192
10150.732,100,3405.705237
10610.718,100,3405.705267
10141.88,100,3405.705293
10235.607,100,3405.705345
10322.61,100,3405.705372
10438.177,100,3405.705399
10274.689,100,3405.705423
10466.571,100,3405.705448
10252.428,100,3474.673824
10416.354,100,3474.674022
10291.1,100,3474.674079
10189.917,100,3474.674114
10213.922,100,3474.674144
10055.653,100,3474.674171
10094.438,100,3474.674199
10038.025,100,3474.674225
9889.655,100,3474.674252
10359.113,100,3474.674279
10324.827,100,3476.640802
10666.497,100,3476.640961
10078.387,100,3476.641003
10096.753,100,3476.641032
9893.249,100,3476.641057
10212.203,100,3476.641083
9804.857,100,3476.64111
10124.319,100,3476.641135
10063.204,100,3476.64116
10193.125,100,3476.641185
9913.632,100,3478.137181
9997.153,100,3478.137366
9837.043,100,3478.137418
10253.237,100,3478.137447
10261.839,100,3478.137474
10005.0,100,3478.137499
9998.726,100,3478.137526
9769.799,100,3478.137551
10360.806,100,3478.137576
10392.434,100,3478.1376
10148.032,100,3479.950067
9826.969,100,3479.950233
10077.989,100,3479.950281
10393.497,100,3479.950336
9894.649,100,3479.950364
10074.27,100,3479.950393
9891.063,100,3479.950418
10049.628,100,3479.950446
10355.883,100,3479.950471
10685.623,100,3479.950498
10382.219,100,3481.621698
10184.926,100,3481.621836
10359.098,100,3481.62186
9981.409,100,3481.621876
10016.317,100,3481.621891
9878.313,100,3481.621904
9746.217,100,3481.621917
10242.4795,100,3481.62193
10450.168,100,3481.621944
10242.614,100,3481.621956
10230.896,100,3541.729682
10093.865,100,3541.729886
9721.258,100,3541.729964
10591.912,100,3541.729998
10408.659,100,3541.730027
10196.706,100,3541.730054
10730.063,100,3541.73008
9730.527,100,3541.730105
10205.573,100,3541.730132
10733.805,100,3541.730156
10057.133,100,3543.434564
9913.672,100,3543.434739
10157.549,100,3543.434761
10205.426,100,3543.434776
10426.385,100,3543.43479
9881.28,100,3543.434805
10291.0625,100,3543.434819
10089.957,100,3543.434833
10450.9,100,3543.434847
10356.648,100,3543.43486
10068.687,100,3545.071145
10171.65,100,3545.071333
10403.598,100,3545.071362
9856.9375,100,3545.07138
10106.558,100,3545.071397
10040.225,100,3545.071413
9830.579,100,3545.071429
10631.754,100,3545.071444
9889.579,100,3545.071458
9546.066,100,3545.071473
9994.303,100,3547.344002
9816.138,100,3547.344343
10030.164,100,3547.344392
10126.31,100,3547.344409
9981.121,100,3547.344424
9992.355,100,3547.344438
10488.929,100,3547.344451
9986.671,100,3547.344465
9605.323,100,3547.344479
10281.0205,100,3547.344492
10282.317,100,3549.978184
10407.542,100,3549.97844
10191.672,100,3549.978545
10283.029,100,3549.978598
10445.166,100,3549.978637
10063.779,100,3549.97867
10305.79,100,3549.978721
10310.439,100,3549.978758
9776.715,100,3549.978791
9862.568,100,3549.97883
10650.023,100,3552.295355
10373.449,100,3552.295519
9909.771,100,3552.29557
10637.455,100,3552.295604
10240.978,100,3552.295634
10034.958,100,3552.295665
10798.278,100,3552.295692
10304.272,100,3552.295718
10365.049,100,3552.295744
10650.331,100,3552.29577
10248.408,100,3614.37329
10279.382,100,3614.373488
10127.606,100,3614.37352
10448.929,100,3614.373537
10207.824,100,3614.373551
9878.886,100,3614.373565
10188.511,100,3614.373579
9739.125,100,3614.373593
9904.499,100,3614.373607
10069.605,100,3614.373621
9948.954,100,3616.040939
10906.153,100,3616.0411
10148.353,100,3616.041144
9903.62,100,3616.041175
9912.874,100,3616.041202
10455.155,100,3616.041228
10067.821,100,3616.041254
9865.068,100,3616.04128
10597.873,100,3616.041329
10245.647,100,3616.041356
10169.675,100,3617.689965
10146.803,100,3617.690119
10342.347,100,3617.69016
9842.249,100,3617.690188
10050.372,100,3617.690213
10724.722,100,3617.690238
10152.713,100,3617.690264
10161.87,100,3617.690287
10377.09,100,3617.690334
10058.025,100,3617.690361
10062.81,100,3619.461026
10056.845,100,3619.461163
10468.606,100,3619.461188
10198.766,100,3619.461203
10194.008,100,3619.461217
10492.328,100,3619.46123
10146.413,100,3619.461243
9795.139,100,3619.461256
10130.478,100,3619.461269
10038.278,100,3619.461282
10089.691,100,3621.284665
10112.678,100,3621.284822
9741.194,100,3621.284865
10371.407,100,3621.284882
10053.177,100,3621.284897
9919.017,100,3621.284913
10675.139,100,3621.284928
10485.437,100,3621.284944
9947.325,100,3621.284959
10530.229,100,3621.284973
10377.817,100,3678.95892
10549.13,100,3678.959142
10148.371,100,3678.959181
10397.008,100,3678.959199
10452.384,100,3678.959214
10126.122,100,3678.959228
10007.171,100,3678.959242
10499.95,100,3678.959256
9933.54,100,3678.959269
9855.298,100,3678.959283
9740.323,100,3681.638872
9726.133,100,3681.639043
9960.538,100,3681.639073
10391.202,100,3681.63909
10269.803,100,3681.639108
10214.772,100,3681.639124
10225.743,100,3681.639141
9875.953,100,3681.639157
10071.6455,100,3681.639173
10341.748,100,3681.639189
10006.879,100,3683.517459
10009.357,100,3683.517613
10322.313,100,3683.51764
10173.01,100,3683.517659
10322.162,100,3683.517674
9954.185,100,3683.517689
10307.238,100,3683.517704
9882.218,100,3683.517719
10194.25,100,3683.517733
10089.572,100,3683.517747
9797.322,100,3685.355096
10245.164,100,3685.355244
9970.696,100,3685.355268
9925.66,100,3685.355282
10155.991,100,3685.355296
10130.425,100,3685.355324
10519.96,100,3685.355339
10509.744,100,3685.355352
10595.427,100,3685.355364
9881.568,100,3685.355378
10376.616,100,3688.522251
9819.869,100,3688.522457
10505.257,100,3688.522509
10171.433,100,3688.522539
10046.159,100,3688.522564
10031.397,100,3688.522606
10221.654,100,3688.522654
10572.581,100,3688.522681
9941.287,100,3688.522704
10294.4,100,3688.522727
9905.286,100,3748.737449
10195.632,100,3748.737692
10188.358,100,3748.737795
9837.883,100,3748.737845
9838.572,100,3748.737881
10582.132,100,3748.737915
10023.507,100,3748.737948
10093.908,100,3748.737978
10356.2295,100,3748.738008
10006.322,100,3748.738041
9995.367,100,3751.332472
10171.474,100,3751.332635
10363.988,100,3751.332681
10092.579,100,3751.332711
9788.529,100,3751.332737
10324.885,100,3751.332762
10206.222,100,3751.332787
9973.231,100,3751.332814
10065.718,100,3751.332839
10098.533,100,3751.332864
10048.3125,100,3752.840195
10303.825,100,3752.84038
10517.691,100,3752.840434
9696.876,100,3752.840461
10461.821,100,3752.840485
9740.108,100,3752.840511
10073.359,100,3752.840534
10210.933,100,3752.840558
10184.666,100,3752.84058
10170.979,100,3752.840603
10045.151,100,3754.277424
10199.784,100,3754.277632
10134.411,100,3754.277694
10251.656,100,3754.277723
9907.448,100,3754.27775
10138.747,100,3754.277774
10160.748,100,3754.2778
10155.6455,100,3754.277825
10037.024,100,3754.27785
10303.491,100,3754.277875
10140.531,100,3756.032145
9796.638,100,3756.032284
10453.053,100,3756.032407
10199.65,100,3756.032432
9898.546,100,3756.032447
10357.667,100,3756.032461
9897.266,100,3756.032474
10020.132,100,3756.03249
10095.681,100,3756.032505
9947.942,100,3756.032518
9780.582,100,12463.668844
10204.103,100,12463.669285
10321.959,100,12463.669388
9849.078,100,12463.669425
10352.748,100,12463.669452
10637.333,100,12463.669479
9751.578,100,12463.669504
9968.785,100,12463.669528
10059.08,100,12463.669553
10271.845,100,12463.669577
10178.093,100,12465.655824
10011.914,100,12465.655983
10486.371,100,12465.656029
10359.106,100,12465.65606
10246.673,100,12465.656089
10146.505,100,12465.656114
10496.031,100,12465.656139
9570.73,100,12465.656166
10653.733,100,12465.656192
10159.45,100,12465.656218
10424.232,100,12468.376549
10510.424,100,12468.376721
10486.223,100,12468.37675
10403.95,100,12468.376767
10488.91,100,12468.376784
9906.103,100,12468.3768
10397.853,100,12468.376816
10345.381,100,12468.37683
9570.837,100,12468.376845
9645.569,100,12468.37686
10670.719,100,12471.413856
10028.33,100,12471.414019
9732.258,100,12471.414069
10389.898,100,12471.414099
10195.232,100,12471.414127
10428.109,100,12471.414153
10228.391,100,12471.41418
10115.493,100,12471.414206
10012.877,100,12471.414257
10187.708,100,12471.414284
10042.915,100,12473.029615
10317.897,100,12473.029741
10520.022,100,12473.029763
10365.3545,100,12473.029777
10085.969,100,12473.029791
10108.393,100,12473.029803
10343.896,100,12473.029815
10425.123,100,12473.029827
10348.188,100,12473.029839
10017.651,100,12473.029851
10044.59,100,12532.730579
10213.707,100,12532.730737
9640.306,100,12532.730783
10178.132,100,12532.730813
9869.065,100,12532.730839
9921.701,100,12532.730864
10350.94,100,12532.730891
10298.576,100,12532.730914
10209.421,100,12532.730938
10039.768,100,12532.730962
10179.408,100,12534.300485
10366.925,100,12534.300643
10350.85,100,12534.300688
10286.47,100,12534.300719
10192.447,100,12534.300744
10062.722,100,12534.300771
10320.626,100,12534.300797
9997.91,100,12534.300821
9847.13,100,12534.300847
10000.682,100,12534.300872
9763.347,100,12535.909001
10335.028,100,12535.909156
10205.141,100,12535.909201
10079.792,100,12535.909268
10052.311,100,12535.909299
9817.383,100,12535.909327
10144.519,100,12535.909352
10022.916,100,12535.909377
9801.344,100,12535.909403
10264.654,100,12535.909428
10091.478,100,12537.65815
10516.115,100,12537.658334
9777.171,100,12537.658385
10271.061,100,12537.658417
10003.454,100,12537.658444
10636.075,100,12537.658469
10535.935,100,12537.658497
10168.791,100,12537.658522
10564.854,100,12537.658548
10079.049,100,12537.658572
10476.81,100,12558.734121
10243.407,100,12558.734555
10616.485,100,12558.734669
10245.477,100,12558.734689
10179.422,100,12558.734705
10058.005,100,12558.734735
10141.671,100,12558.734767
10432.823,100,12558.734782
10532.252,100,12558.734795
9837.303,100,12558.734809
10353.531,100,12616.412517
10319.761,100,12616.412685
9982.81,100,12616.412739
10269.427,100,12616.412771
9934.741,100,12616.412799
10304.265,100,12616.412826
10588.405,100,12616.412851
10143.568,100,12616.412875
9930.864,100,12616.412899
10506.392,100,12616.413193
10205.657,100,12617.994744
10420.368,100,12617.994903
10271.209,100,12617.994948
10214.985,100,12617.994978
9861.032,100,12617.995004
10510.404,100,12617.99503
9961.095,100,12617.995056
10480.611,100,12617.995082
10574.267,100,12617.995107
10153.664,100,12617.995132
9980.437,100,12619.528488
10161.772,100,12619.528661
10692.883,100,12619.528712
10067.285,100,12619.528743
10153.117,100,12619.52877
9747.633,100,12619.528795
10095.949,100,12619.528821
10399.971,100,12619.528845
10496.172,100,12619.528869
9956.861,100,12619.528893
10226.596,100,12620.986537
9808.8545,100,12620.986665
10321.371,100,12620.986694
10336.315,100,12620.986705
9852.164,100,12620.986715
10240.673,100,12620.986724
9665.599,100,12620.986733
10700.526,100,12620.986743
10420.367,100,12620.986752
10196.991,100,12620.986761
10194.439,100,12622.50921
9783.928,100,12622.509607
10254.74,100,12622.509793
10299.35,100,12622.509923
9673.528,100,12622.510039
10109.571,100,12622.510149
9072.788,100,12622.510273
10526.096,100,12622.510312
10373.263,100,12622.510339
10415.346,100,12622.510364
10014.183,100,12684.246305
9914.785,100,12684.246423
10533.181,100,12684.246446
10226.096,100,12684.246459
10227.404,100,12684.246472
10570.489,100,12684.246483
10033.053,100,12684.246495
10031.243,100,12684.246506
10477.127,100,12684.246517
9976.94,100,12684.246527
10008.697,100,12686.37912
10530.469,100,12686.379309
10111.916,100,12686.379366
10142.094,100,12686.379403
10214.913,100,12686.379433
9999.946,100,12686.37946
10397.116,100,12686.379492
9885.838,100,12686.379519
10349.732,100,12686.379546
10614.363,100,12686.379572
10305.224,100,12688.155388
9602.92,100,12688.155538
9894.801,100,12688.155579
9774.231,100,12688.155607
10054.895,100,12688.155632
9556.509,100,12688.155656
9677.165,100,12688.155682
10083.71,100,12688.155706
10219.251,100,12688.15573
9965.067,100,12688.155753
10462.279,100,12690.525081
10251.808,100,12690.525295
10365.168,100,12690.52536
9857.962,100,12690.525394
9979.201,100,12690.525425
10545.205,100,12690.525453
10175.131,100,12690.525481
10461.788,100,12690.525507
10033.288,100,12690.525534
10122.259,100,12690.52556
10313.2,100,12692.765738
10336.281,100,12692.767125
10286.52,100,12692.767458
10063.027,100,12692.767638
9947.591,100,12692.767691
10304.755,100,12692.767725
10345.074,100,12692.767754
9659.453,100,12692.767781
10429.983,100,12692.767807
9916.767,100,12692.767834
10148.876,100,12754.461691
10104.06,100,12754.462784
9958.193,100,12754.462871
10621.89,100,12754.462893
10412.968,100,12754.46291
10459.981,100,12754.462968
10019.468,100,12754.462984
10317.343,100,12754.463001
10232.713,100,12754.463016
10411.528,100,12754.463032
10349.856,100,12757.144862
10388.077,100,12757.145032
9982.89,100,12757.145056
9855.73,100,12757.145074
10579.251,100,12757.145089
10333.179,100,12757.145102
10045.326,100,12757.145117
10477.355,100,12757.145131
10447.652,100,12757.145144
9957.257,100,12757.145158
9932.564,100,12759.295387
9839.753,100,12759.295526
10105.957,100,12759.295551
10327.231,100,12759.295571
10256.5205,100,12759.295586
9920.068,100,12759.295602
10520.747,100,12759.295616
10062.745,100,12759.295631
9941.687,100,12759.295645
10360.196,100,12759.295662
10407.112,100,12761.579349
10447.615,100,12761.579502
9958.687,100,12761.579549
10508.505,100,12761.579581
10305.777,100,12761.57961
10771.353,100,12761.579636
10344.204,100,12761.579663
10208.248,100,12761.579689
10116.381,100,12761.579715
10010.479,100,12761.579741
10148.279,100,12763.792512
10261.318,100,12763.792694
10236.236,100,12763.79272
10059.443,100,12763.792738
10207.406,100,12763.792778
10381.087,100,12763.792813
9870.253,100,12763.792831
10304.266,100,12763.79285
9998.904,100,12763.792867
10624.699,100,12763.792883
