timestamp_sec,flow_id,cpu_req,ram_req,msd_req,is_ddos_spike
0.0,FLOW_0,5.13,4.89,2,0
0.1,FLOW_1,9.54,4.44,2,0
0.2,FLOW_2,74.18,48.04,4,1
0.3,FLOW_3,74.55,37.73,4,1
0.4,FLOW_4,69.85,39.16,5,1
0.5,FLOW_5,7.22,2.41,2,0
0.6,FLOW_6,9.27,2.08,2,0
0.7,FLOW_7,19.21,13.75,4,0
0.8,FLOW_8,3.83,3.64,1,0
0.9,FLOW_9,4.8,1.5,2,0
1.0,FLOW_10,8.08,3.24,2,0
1.1,FLOW_11,19.06,9.59,4,0
1.2,FLOW_12,23.57,18.55,4,0
1.3,FLOW_13,8.86,1.31,1,0
1.4,FLOW_14,6.64,3.06,2,0
1.5,FLOW_15,4.7,2.55,2,0
1.6,FLOW_16,9.12,2.89,1,0
1.7,FLOW_17,21.48,14.24,5,0
1.8,FLOW_18,3.96,1.58,2,0
1.9,FLOW_19,8.14,4.33,2,0
2.0,FLOW_20,90.9,36.99,5,1
2.1,FLOW_21,6.38,2.7,1,0
2.2,FLOW_22,5.06,4.42,1,0
2.3,FLOW_23,4.79,1.27,2,0
2.4,FLOW_24,9.22,3.27,1,0
2.5,FLOW_25,17.25,16.03,4,0
2.6,FLOW_26,29.84,9.11,5,0
2.7,FLOW_27,6.66,2.87,1,0
2.8,FLOW_28,5.28,1.46,2,0
2.9,FLOW_29,17.86,9.36,4,0
3.0,FLOW_30,6.93,3.8,1,0
3.1,FLOW_31,9.89,2.92,1,0
3.2,FLOW_32,3.69,2.62,2,0
3.3,FLOW_33,9.38,3.67,1,0
3.4,FLOW_34,28.5,19.02,5,0
3.5,FLOW_35,6.13,2.08,2,0
3.6,FLOW_36,24.96,15.07,4,0
3.7,FLOW_37,3.56,1.05,1,0
3.8,FLOW_38,2.74,3.93,1,0
3.9,FLOW_39,6.73,2.26,2,0
4.0,FLOW_40,5.92,1.81,1,0
4.1,FLOW_41,8.85,3.41,1,0
4.2,FLOW_42,7.33,2.19,1,0
4.3,FLOW_43,24.96,10.79,5,0
4.4,FLOW_44,3.68,3.77,1,0
4.5,FLOW_45,7.31,1.22,2,0
4.6,FLOW_46,16.04,13.47,5,0
4.7,FLOW_47,5.45,2.76,1,0
4.8,FLOW_48,3.69,4.45,2,0
4.9,FLOW_49,9.73,2.29,1,0
5.0,FLOW_50,7.41,1.99,1,0
5.1,FLOW_51,29.16,11.59,4,0
5.2,FLOW_52,16.57,10.93,5,0
5.3,FLOW_53,2.49,3.29,1,0
5.4,FLOW_54,8.68,1.96,1,0
5.5,FLOW_55,5.1,2.3,2,0
5.6,FLOW_56,2.32,4.14,2,0
5.7,FLOW_57,8.43,2.25,2,0
5.8,FLOW_58,6.72,4.33,1,0
5.9,FLOW_59,9.64,2.44,1,0
6.0,FLOW_60,3.57,1.97,1,0
6.1,FLOW_61,7.6,1.54,2,0
6.2,FLOW_62,7.48,3.16,2,0
6.3,FLOW_63,2.08,3.29,2,0
6.4,FLOW_64,20.28,19.9,5,0
6.5,FLOW_65,9.68,1.78,1,0
6.6,FLOW_66,4.28,4.4,2,0
6.7,FLOW_67,7.65,1.22,1,0
6.8,FLOW_68,17.21,9.74,5,0
6.9,FLOW_69,82.65,43.73,5,1
7.0,FLOW_70,8.48,1.75,2,0
7.1,FLOW_71,6.8,2.48,2,0
7.2,FLOW_72,9.34,1.51,2,0
7.3,FLOW_73,17.08,17.05,5,0
7.4,FLOW_74,8.81,4.95,1,0
7.5,FLOW_75,4.39,4.06,1,0
7.6,FLOW_76,92.97,36.46,4,1
7.7,FLOW_77,9.26,2.36,1,0
7.8,FLOW_78,8.95,2.76,1,0
7.9,FLOW_79,3.46,4.04,2,0
8.0,FLOW_80,26.08,9.84,4,0
8.1,FLOW_81,5.59,1.54,1,0
8.2,FLOW_82,8.61,3.48,2,0
8.3,FLOW_83,6.38,2.63,1,0
8.4,FLOW_84,3.97,4.27,1,0
8.5,FLOW_85,20.46,19.11,4,0
8.6,FLOW_86,5.85,2.52,1,0
8.7,FLOW_87,16.35,14.16,5,0
8.8,FLOW_88,5.76,3.27,1,0
8.9,FLOW_89,7.43,3.65,2,0
9.0,FLOW_90,77.8,43.36,5,1
9.1,FLOW_91,8.37,4.56,1,0
9.2,FLOW_92,6.89,3.87,2,0
9.3,FLOW_93,6.51,2.15,2,0
9.4,FLOW_94,8.5,4.23,1,0
9.5,FLOW_95,2.11,3.32,2,0
9.6,FLOW_96,8.74,4.61,1,0
9.7,FLOW_97,7.12,4.61,2,0
9.8,FLOW_98,4.82,2.71,2,0
9.9,FLOW_99,5.08,3.97,2,0
10.0,FLOW_100,4.87,1.59,1,0
10.1,FLOW_101,68.09,38.05,5,1
10.2,FLOW_102,26.16,10.04,4,0
10.3,FLOW_103,66.64,41.2,5,1
10.4,FLOW_104,16.83,14.67,5,0
10.5,FLOW_105,5.8,4.76,2,0
10.6,FLOW_106,7.25,1.22,1,0
10.7,FLOW_107,69.21,37.33,4,1
10.8,FLOW_108,3.41,2.26,1,0
10.9,FLOW_109,3.66,3.84,1,0
11.0,FLOW_110,27.18,12.12,5,0
11.1,FLOW_111,20.27,16.5,4,0
11.2,FLOW_112,4.7,3.93,2,0
11.3,FLOW_113,2.06,1.29,1,0
11.4,FLOW_114,8.27,1.69,1,0
11.5,FLOW_115,6.81,3.87,1,0
11.6,FLOW_116,22.94,15.13,5,0
11.7,FLOW_117,19.97,13.23,4,0
11.8,FLOW_118,71.04,34.13,4,1
11.9,FLOW_119,79.03,48.93,4,1
12.0,FLOW_120,5.52,2.43,1,0
12.1,FLOW_121,94.8,46.86,5,1
12.2,FLOW_122,2.68,2.78,2,0
12.3,FLOW_123,3.64,1.65,1,0
12.4,FLOW_124,81.99,33.88,5,1
12.5,FLOW_125,2.58,1.84,1,0
12.6,FLOW_126,9.02,4.66,2,0
12.7,FLOW_127,4.15,2.35,2,0
12.8,FLOW_128,8.01,4.2,1,0
12.9,FLOW_129,5.07,3.47,1,0
13.0,FLOW_130,8.24,4.21,1,0
13.1,FLOW_131,9.54,4.46,1,0
13.2,FLOW_132,28.14,16.24,4,0
13.3,FLOW_133,19.6,10.7,4,0
13.4,FLOW_134,21.08,8.66,5,0
13.5,FLOW_135,4.19,4.36,2,0
13.6,FLOW_136,9.67,3.46,1,0
13.7,FLOW_137,29.31,15.25,4,0
13.8,FLOW_138,9.48,3.59,1,0
13.9,FLOW_139,2.97,3.73,2,0
14.0,FLOW_140,7.96,4.39,2,0
14.1,FLOW_141,19.77,16.18,4,0
14.2,FLOW_142,8.69,4.7,1,0
14.3,FLOW_143,76.8,41.26,5,1
14.4,FLOW_144,6.79,4.87,2,0
14.5,FLOW_145,5.37,2.59,1,0
14.6,FLOW_146,6.64,1.83,2,0
14.7,FLOW_147,18.81,14.25,5,0
14.8,FLOW_148,78.56,31.64,5,1
14.9,FLOW_149,70.61,36.04,5,1
15.0,FLOW_150,5.53,1.3,1,0
15.1,FLOW_151,3.46,1.56,1,0
15.2,FLOW_152,9.93,2.86,2,0
15.3,FLOW_153,9.64,1.74,1,0
15.4,FLOW_154,8.66,2.61,2,0
15.5,FLOW_155,8.38,4.68,2,0
15.6,FLOW_156,69.34,30.02,5,1
15.7,FLOW_157,5.54,3.18,1,0
15.8,FLOW_158,9.2,1.17,2,0
15.9,FLOW_159,9.73,1.38,1,0
16.0,FLOW_160,4.93,3.98,2,0
16.1,FLOW_161,2.15,3.41,2,0
16.2,FLOW_162,4.32,1.76,1,0
16.3,FLOW_163,2.48,1.43,1,0
16.4,FLOW_164,17.43,14.39,5,0
16.5,FLOW_165,26.66,17.92,5,0
16.6,FLOW_166,4.03,5.0,2,0
16.7,FLOW_167,9.14,2.92,2,0
16.8,FLOW_168,29.36,8.21,5,0
16.9,FLOW_169,5.5,3.75,1,0
17.0,FLOW_170,9.8,4.04,2,0
17.1,FLOW_171,6.77,1.32,2,0
17.2,FLOW_172,23.97,13.66,5,0
17.3,FLOW_173,7.83,3.57,2,0
17.4,FLOW_174,17.23,13.01,5,0
17.5,FLOW_175,7.62,4.59,1,0
17.6,FLOW_176,92.67,33.28,4,1
17.7,FLOW_177,7.54,2.5,1,0
17.8,FLOW_178,5.03,1.28,1,0
17.9,FLOW_179,2.64,1.06,1,0
18.0,FLOW_180,72.45,36.81,4,1
18.1,FLOW_181,8.23,2.42,1,0
18.2,FLOW_182,70.48,33.66,5,1
18.3,FLOW_183,2.15,2.56,1,0
18.4,FLOW_184,2.43,1.61,2,0
18.5,FLOW_185,2.92,3.41,2,0
18.6,FLOW_186,3.8,3.85,2,0
18.7,FLOW_187,7.26,3.43,2,0
18.8,FLOW_188,2.09,1.27,2,0
18.9,FLOW_189,9.04,1.28,1,0
19.0,FLOW_190,28.39,8.33,5,0
19.1,FLOW_191,4.92,1.4,2,0
19.2,FLOW_192,8.03,1.72,2,0
19.3,FLOW_193,7.27,3.27,2,0
19.4,FLOW_194,5.5,2.91,1,0
19.5,FLOW_195,8.18,3.2,2,0
19.6,FLOW_196,4.48,1.28,1,0
19.7,FLOW_197,16.35,18.38,4,0
19.8,FLOW_198,5.58,2.71,2,0
19.9,FLOW_199,6.84,3.3,1,0
20.0,FLOW_200,2.49,3.18,1,0
20.1,FLOW_201,7.37,1.55,2,0
20.2,FLOW_202,5.82,3.35,2,0
20.3,FLOW_203,9.75,1.87,1,0
20.4,FLOW_204,3.54,3.57,2,0
20.5,FLOW_205,6.95,2.73,2,0
20.6,FLOW_206,24.53,13.92,4,0
20.7,FLOW_207,3.69,2.88,2,0
20.8,FLOW_208,7.24,3.62,1,0
20.9,FLOW_209,9.66,1.83,2,0
21.0,FLOW_210,8.4,1.55,1,0
21.1,FLOW_211,85.09,42.98,4,1
21.2,FLOW_212,6.58,3.19,2,0
21.3,FLOW_213,3.02,4.37,1,0
21.4,FLOW_214,5.36,3.29,2,0
21.5,FLOW_215,71.11,31.19,5,1
21.6,FLOW_216,3.4,2.83,2,0
21.7,FLOW_217,3.89,3.26,2,0
21.8,FLOW_218,69.77,31.37,4,1
21.9,FLOW_219,9.52,4.67,2,0
22.0,FLOW_220,25.05,15.95,5,0
22.1,FLOW_221,8.14,3.61,2,0
22.2,FLOW_222,5.83,1.12,1,0
22.3,FLOW_223,22.16,12.07,4,0
22.4,FLOW_224,6.0,1.58,2,0
22.5,FLOW_225,9.45,4.22,1,0
22.6,FLOW_226,9.9,1.07,1,0
22.7,FLOW_227,3.18,2.03,1,0
22.8,FLOW_228,7.8,1.72,2,0
22.9,FLOW_229,29.86,12.89,4,0
23.0,FLOW_230,9.76,4.51,1,0
23.1,FLOW_231,9.62,1.1,2,0
23.2,FLOW_232,9.68,4.46,2,0
23.3,FLOW_233,5.51,1.97,2,0
23.4,FLOW_234,5.33,1.98,2,0
23.5,FLOW_235,3.96,4.16,1,0
23.6,FLOW_236,4.11,4.14,2,0
23.7,FLOW_237,16.43,19.32,5,0
23.8,FLOW_238,20.04,17.34,5,0
23.9,FLOW_239,9.09,2.15,2,0
24.0,FLOW_240,7.99,4.6,2,0
24.1,FLOW_241,5.96,1.34,1,0
24.2,FLOW_242,24.63,15.79,4,0
24.3,FLOW_243,7.75,1.59,2,0
24.4,FLOW_244,6.34,4.73,2,0
24.5,FLOW_245,3.32,3.84,2,0
24.6,FLOW_246,5.13,2.38,2,0
24.7,FLOW_247,66.5,46.61,5,1
24.8,FLOW_248,9.38,2.31,1,0
24.9,FLOW_249,4.18,1.61,1,0
25.0,FLOW_250,26.23,17.04,4,0
25.1,FLOW_251,4.31,2.63,2,0
25.2,FLOW_252,2.33,4.84,2,0
25.3,FLOW_253,8.04,1.98,1,0
25.4,FLOW_254,7.36,3.87,2,0
25.5,FLOW_255,2.41,2.32,1,0
25.6,FLOW_256,7.66,4.49,1,0
25.7,FLOW_257,29.9,8.07,5,0
25.8,FLOW_258,4.1,1.47,1,0
25.9,FLOW_259,8.46,4.74,2,0
26.0,FLOW_260,2.73,2.26,1,0
26.1,FLOW_261,2.46,1.54,2,0
26.2,FLOW_262,6.76,1.04,1,0
26.3,FLOW_263,3.59,2.69,2,0
26.4,FLOW_264,4.07,4.26,1,0
26.5,FLOW_265,3.45,3.69,2,0
26.6,FLOW_266,9.73,4.47,2,0
26.7,FLOW_267,2.09,3.32,1,0
26.8,FLOW_268,2.48,5.0,1,0
26.9,FLOW_269,4.49,4.52,2,0
27.0,FLOW_270,4.14,4.22,2,0
27.1,FLOW_271,7.81,3.87,2,0
27.2,FLOW_272,3.26,2.41,2,0
27.3,FLOW_273,4.84,1.8,2,0
27.4,FLOW_274,26.28,14.48,5,0
27.5,FLOW_275,26.53,16.44,4,0
27.6,FLOW_276,3.69,2.51,2,0
27.7,FLOW_277,8.9,1.07,2,0
27.8,FLOW_278,6.61,2.65,2,0
27.9,FLOW_279,5.03,1.33,1,0
28.0,FLOW_280,7.83,3.55,2,0
28.1,FLOW_281,18.87,16.22,5,0
28.2,FLOW_282,3.75,2.97,1,0
28.3,FLOW_283,5.75,1.24,1,0
28.4,FLOW_284,7.97,2.56,1,0
28.5,FLOW_285,7.87,1.3,1,0
28.6,FLOW_286,25.09,16.34,4,0
28.7,FLOW_287,26.09,15.92,4,0
28.8,FLOW_288,2.31,3.05,1,0
28.9,FLOW_289,77.25,48.94,5,1
29.0,FLOW_290,9.7,1.92,2,0
29.1,FLOW_291,3.83,2.74,2,0
29.2,FLOW_292,29.05,15.35,4,0
29.3,FLOW_293,5.22,4.87,2,0
29.4,FLOW_294,7.4,1.59,1,0
29.5,FLOW_295,15.23,19.02,4,0
29.6,FLOW_296,8.51,1.87,1,0
29.7,FLOW_297,27.56,13.88,5,0
29.8,FLOW_298,4.73,2.04,2,0
29.9,FLOW_299,23.6,16.92,5,0
30.0,FLOW_300,22.18,12.16,4,0
30.1,FLOW_301,7.83,4.89,1,0
30.2,FLOW_302,3.21,4.65,1,0
30.3,FLOW_303,7.67,4.7,1,0
30.4,FLOW_304,8.44,3.73,2,0
30.5,FLOW_305,3.16,4.5,1,0
30.6,FLOW_306,2.73,1.69,1,0
30.7,FLOW_307,7.81,1.72,2,0
30.8,FLOW_308,84.17,38.72,5,1
30.9,FLOW_309,8.68,1.15,2,0
31.0,FLOW_310,71.95,46.71,5,1
31.1,FLOW_311,2.68,4.04,1,0
31.2,FLOW_312,3.59,4.43,1,0
31.3,FLOW_313,25.02,8.86,5,0
31.4,FLOW_314,4.81,3.48,1,0
31.5,FLOW_315,6.85,2.24,1,0
31.6,FLOW_316,6.1,1.55,2,0
31.7,FLOW_317,26.37,9.26,5,0
31.8,FLOW_318,23.48,19.14,5,0
31.9,FLOW_319,8.46,2.82,2,0
32.0,FLOW_320,8.53,2.24,1,0
32.1,FLOW_321,8.4,4.05,1,0
32.2,FLOW_322,86.97,43.41,5,1
32.3,FLOW_323,8.3,1.23,2,0
32.4,FLOW_324,6.93,4.4,2,0
32.5,FLOW_325,86.93,40.32,5,1
32.6,FLOW_326,3.3,4.07,1,0
32.7,FLOW_327,2.5,4.98,2,0
32.8,FLOW_328,5.2,1.84,2,0
32.9,FLOW_329,3.5,4.13,1,0
33.0,FLOW_330,90.15,31.57,4,1
33.1,FLOW_331,28.7,18.61,4,0
33.2,FLOW_332,5.19,1.43,2,0
33.3,FLOW_333,7.96,1.19,2,0
33.4,FLOW_334,8.26,3.06,1,0
33.5,FLOW_335,5.78,4.18,1,0
33.6,FLOW_336,7.47,4.62,2,0
33.7,FLOW_337,8.24,4.14,1,0
33.8,FLOW_338,29.62,12.03,4,0
33.9,FLOW_339,5.78,2.45,1,0
34.0,FLOW_340,5.17,1.65,1,0
34.1,FLOW_341,9.3,4.76,2,0
34.2,FLOW_342,28.89,16.59,4,0
34.3,FLOW_343,2.18,3.18,1,0
34.4,FLOW_344,3.93,4.03,2,0
34.5,FLOW_345,21.17,15.62,4,0
34.6,FLOW_346,4.42,2.72,2,0
34.7,FLOW_347,25.79,15.97,4,0
34.8,FLOW_348,5.97,3.81,2,0
34.9,FLOW_349,9.89,3.58,1,0
35.0,FLOW_350,3.81,1.37,2,0
35.1,FLOW_351,9.12,2.27,2,0
35.2,FLOW_352,6.92,1.91,1,0
35.3,FLOW_353,23.52,11.51,4,0
35.4,FLOW_354,6.98,3.34,2,0
35.5,FLOW_355,19.98,9.38,5,0
35.6,FLOW_356,9.08,2.3,2,0
35.7,FLOW_357,27.48,8.55,4,0
35.8,FLOW_358,6.4,1.54,1,0
35.9,FLOW_359,63.1,48.0,5,1
36.0,FLOW_360,18.21,11.52,5,0
36.1,FLOW_361,63.27,40.88,5,1
36.2,FLOW_362,75.35,41.48,4,1
36.3,FLOW_363,2.76,3.85,2,0
36.4,FLOW_364,9.24,3.18,2,0
36.5,FLOW_365,7.18,4.81,1,0
36.6,FLOW_366,8.79,2.65,2,0
36.7,FLOW_367,5.43,2.11,2,0
36.8,FLOW_368,2.83,3.15,2,0
36.9,FLOW_369,8.51,3.18,2,0
37.0,FLOW_370,26.85,14.05,4,0
37.1,FLOW_371,7.77,3.68,2,0
37.2,FLOW_372,68.51,35.94,5,1
37.3,FLOW_373,2.6,3.04,1,0
37.4,FLOW_374,4.09,4.34,1,0
37.5,FLOW_375,8.38,1.27,1,0
37.6,FLOW_376,5.24,1.68,2,0
37.7,FLOW_377,2.39,4.82,1,0
37.8,FLOW_378,28.05,12.1,5,0
37.9,FLOW_379,21.76,15.97,5,0
38.0,FLOW_380,4.97,1.96,2,0
38.1,FLOW_381,22.68,15.45,5,0
38.2,FLOW_382,7.59,4.93,2,0
38.3,FLOW_383,6.19,4.75,2,0
38.4,FLOW_384,7.83,4.05,2,0
38.5,FLOW_385,29.43,13.21,5,0
38.6,FLOW_386,21.72,11.14,4,0
38.7,FLOW_387,7.81,2.35,2,0
38.8,FLOW_388,3.55,1.96,1,0
38.9,FLOW_389,7.28,2.51,2,0
39.0,FLOW_390,3.71,1.35,2,0
39.1,FLOW_391,5.86,1.63,2,0
39.2,FLOW_392,3.44,4.72,1,0
39.3,FLOW_393,3.71,2.98,2,0
39.4,FLOW_394,9.46,1.11,2,0
39.5,FLOW_395,24.3,8.52,5,0
39.6,FLOW_396,7.05,2.44,1,0
39.7,FLOW_397,66.27,30.24,4,1
39.8,FLOW_398,2.94,3.42,1,0
39.9,FLOW_399,8.34,2.77,1,0
40.0,FLOW_400,9.41,2.49,1,0
40.1,FLOW_401,6.3,3.51,1,0
40.2,FLOW_402,84.17,31.08,4,1
40.3,FLOW_403,9.24,2.77,1,0
40.4,FLOW_404,21.97,16.27,4,0
40.5,FLOW_405,6.1,4.78,2,0
40.6,FLOW_406,3.47,3.1,1,0
40.7,FLOW_407,2.58,4.96,1,0
40.8,FLOW_408,19.81,13.26,5,0
40.9,FLOW_409,25.0,12.67,4,0
41.0,FLOW_410,9.1,3.85,2,0
41.1,FLOW_411,9.87,3.62,2,0
41.2,FLOW_412,5.06,3.91,2,0
41.3,FLOW_413,19.99,19.53,4,0
41.4,FLOW_414,9.61,1.67,2,0
41.5,FLOW_415,5.17,2.14,2,0
41.6,FLOW_416,21.2,8.32,5,0
41.7,FLOW_417,7.77,1.37,2,0
41.8,FLOW_418,22.34,10.38,5,0
41.9,FLOW_419,5.44,2.01,2,0
42.0,FLOW_420,4.73,2.04,1,0
42.1,FLOW_421,9.64,4.37,2,0
42.2,FLOW_422,75.1,35.56,4,1
42.3,FLOW_423,16.43,18.24,4,0
42.4,FLOW_424,9.79,4.19,1,0
42.5,FLOW_425,9.7,3.79,2,0
42.6,FLOW_426,23.66,12.25,4,0
42.7,FLOW_427,9.89,3.93,1,0
42.8,FLOW_428,72.42,36.1,4,1
42.9,FLOW_429,9.22,4.59,2,0
43.0,FLOW_430,4.5,2.31,1,0
43.1,FLOW_431,2.1,1.27,2,0
43.2,FLOW_432,9.92,4.72,1,0
43.3,FLOW_433,19.03,18.46,5,0
43.4,FLOW_434,4.89,1.81,1,0
43.5,FLOW_435,8.6,3.39,1,0
43.6,FLOW_436,9.94,2.9,1,0
43.7,FLOW_437,6.52,4.71,2,0
43.8,FLOW_438,2.29,2.29,2,0
43.9,FLOW_439,25.53,18.74,4,0
44.0,FLOW_440,5.55,3.72,2,0
44.1,FLOW_441,9.14,3.9,1,0
44.2,FLOW_442,9.76,3.41,1,0
44.3,FLOW_443,9.66,3.42,1,0
44.4,FLOW_444,92.6,39.05,4,1
44.5,FLOW_445,4.26,2.13,1,0
44.6,FLOW_446,6.73,3.29,1,0
44.7,FLOW_447,74.72,39.39,5,1
44.8,FLOW_448,6.98,1.46,1,0
44.9,FLOW_449,15.79,12.6,4,0
45.0,FLOW_450,23.03,19.06,4,0
45.1,FLOW_451,2.46,2.58,1,0
45.2,FLOW_452,4.1,4.41,2,0
45.3,FLOW_453,7.32,4.64,2,0
45.4,FLOW_454,3.88,1.43,1,0
45.5,FLOW_455,85.6,44.91,4,1
45.6,FLOW_456,3.93,1.59,2,0
45.7,FLOW_457,9.27,4.11,1,0
45.8,FLOW_458,5.39,2.35,2,0
45.9,FLOW_459,6.69,3.35,2,0
46.0,FLOW_460,8.63,2.07,1,0
46.1,FLOW_461,61.21,44.67,4,1
46.2,FLOW_462,21.13,11.7,4,0
46.3,FLOW_463,61.26,34.17,5,1
46.4,FLOW_464,26.38,17.1,4,0
46.5,FLOW_465,4.18,4.25,2,0
46.6,FLOW_466,15.78,15.45,4,0
46.7,FLOW_467,4.8,2.15,1,0
46.8,FLOW_468,23.39,18.87,5,0
46.9,FLOW_469,4.12,3.82,2,0
47.0,FLOW_470,6.21,4.89,1,0
47.1,FLOW_471,26.74,8.78,5,0
47.2,FLOW_472,3.91,1.81,1,0
47.3,FLOW_473,4.67,1.16,2,0
47.4,FLOW_474,9.32,4.12,1,0
47.5,FLOW_475,9.87,3.68,1,0
47.6,FLOW_476,16.86,8.86,5,0
47.7,FLOW_477,4.24,3.2,2,0
47.8,FLOW_478,3.11,1.64,2,0
47.9,FLOW_479,7.37,1.11,2,0
48.0,FLOW_480,2.36,2.17,1,0
48.1,FLOW_481,9.56,3.26,1,0
48.2,FLOW_482,5.71,3.79,2,0
48.3,FLOW_483,2.61,4.12,2,0
48.4,FLOW_484,16.07,17.76,5,0
48.5,FLOW_485,16.0,18.57,5,0
48.6,FLOW_486,8.39,2.27,1,0
48.7,FLOW_487,5.89,3.31,2,0
48.8,FLOW_488,4.96,2.58,2,0
48.9,FLOW_489,7.19,1.57,1,0
49.0,FLOW_490,18.76,19.98,5,0
49.1,FLOW_491,22.44,8.18,4,0
49.2,FLOW_492,6.8,1.24,2,0
49.3,FLOW_493,8.68,1.33,1,0
49.4,FLOW_494,8.87,2.47,2,0
49.5,FLOW_495,29.92,15.03,5,0
49.6,FLOW_496,15.14,13.05,5,0
49.7,FLOW_497,93.55,35.21,4,1
49.8,FLOW_498,9.15,3.03,2,0
49.9,FLOW_499,4.7,2.91,2,0
50.0,FLOW_500,4.41,2.56,2,0
50.1,FLOW_501,9.55,4.58,1,0
50.2,FLOW_502,71.61,37.46,5,1
50.3,FLOW_503,3.26,2.37,2,0
50.4,FLOW_504,2.44,2.95,2,0
50.5,FLOW_505,2.2,4.08,2,0
50.6,FLOW_506,7.25,4.82,2,0
50.7,FLOW_507,7.57,3.16,1,0
50.8,FLOW_508,78.18,46.77,4,1
50.9,FLOW_509,7.43,2.85,2,0
51.0,FLOW_510,5.33,3.0,2,0
51.1,FLOW_511,6.94,1.56,2,0
51.2,FLOW_512,24.65,19.07,5,0
51.3,FLOW_513,8.37,2.41,2,0
51.4,FLOW_514,2.56,2.74,2,0
51.5,FLOW_515,22.44,10.84,4,0
51.6,FLOW_516,3.26,2.96,1,0
51.7,FLOW_517,9.99,2.4,1,0
51.8,FLOW_518,9.52,2.61,1,0
51.9,FLOW_519,84.84,46.5,4,1
52.0,FLOW_520,25.59,10.22,5,0
52.1,FLOW_521,7.98,4.23,2,0
52.2,FLOW_522,2.03,4.56,1,0
52.3,FLOW_523,3.0,2.65,1,0
52.4,FLOW_524,61.11,46.29,5,1
52.5,FLOW_525,3.92,2.28,2,0
52.6,FLOW_526,67.78,42.08,4,1
52.7,FLOW_527,69.81,47.73,4,1
52.8,FLOW_528,2.52,1.15,1,0
52.9,FLOW_529,5.89,4.34,2,0
53.0,FLOW_530,3.85,4.13,2,0
53.1,FLOW_531,4.57,3.22,1,0
53.2,FLOW_532,3.85,1.48,2,0
53.3,FLOW_533,2.04,4.83,2,0
53.4,FLOW_534,8.85,4.69,2,0
53.5,FLOW_535,4.02,3.36,1,0
53.6,FLOW_536,6.81,2.03,1,0
53.7,FLOW_537,2.17,2.58,1,0
53.8,FLOW_538,5.39,1.82,1,0
53.9,FLOW_539,9.37,2.96,2,0
54.0,FLOW_540,8.64,1.83,1,0
54.1,FLOW_541,5.64,1.41,1,0
54.2,FLOW_542,6.01,2.29,2,0
54.3,FLOW_543,9.68,1.84,2,0
54.4,FLOW_544,9.6,4.07,2,0
54.5,FLOW_545,17.2,19.57,4,0
54.6,FLOW_546,25.48,15.52,4,0
54.7,FLOW_547,9.22,3.87,1,0
54.8,FLOW_548,90.88,45.28,5,1
54.9,FLOW_549,2.52,4.52,1,0
55.0,FLOW_550,8.51,1.95,2,0
55.1,FLOW_551,15.84,9.38,4,0
55.2,FLOW_552,8.98,3.33,1,0
55.3,FLOW_553,19.95,10.98,4,0
55.4,FLOW_554,5.09,1.7,1,0
55.5,FLOW_555,8.19,2.55,1,0
55.6,FLOW_556,93.69,30.01,5,1
55.7,FLOW_557,2.1,2.43,1,0
55.8,FLOW_558,7.56,2.01,2,0
55.9,FLOW_559,9.39,2.96,2,0
56.0,FLOW_560,75.81,46.82,5,1
56.1,FLOW_561,9.67,1.45,2,0
56.2,FLOW_562,4.06,4.81,2,0
56.3,FLOW_563,26.59,14.32,4,0
56.4,FLOW_564,24.38,8.22,4,0
56.5,FLOW_565,9.93,2.82,1,0
56.6,FLOW_566,9.03,4.02,2,0
56.7,FLOW_567,2.47,1.55,2,0
56.8,FLOW_568,6.1,1.68,1,0
56.9,FLOW_569,8.78,1.66,1,0
57.0,FLOW_570,76.89,44.77,4,1
57.1,FLOW_571,5.25,1.14,2,0
57.2,FLOW_572,2.13,1.63,2,0
57.3,FLOW_573,9.15,2.12,1,0
57.4,FLOW_574,6.12,4.95,2,0
57.5,FLOW_575,4.28,3.2,2,0
57.6,FLOW_576,4.12,2.76,2,0
57.7,FLOW_577,4.99,3.11,1,0
57.8,FLOW_578,3.19,3.82,1,0
57.9,FLOW_579,5.75,1.98,2,0
58.0,FLOW_580,7.62,2.39,2,0
58.1,FLOW_581,2.83,1.92,1,0
58.2,FLOW_582,2.77,1.78,2,0
58.3,FLOW_583,9.41,3.67,2,0
58.4,FLOW_584,2.4,3.55,2,0
58.5,FLOW_585,3.68,3.64,2,0
58.6,FLOW_586,3.97,3.88,1,0
58.7,FLOW_587,3.89,2.29,2,0
58.8,FLOW_588,8.54,1.31,1,0
58.9,FLOW_589,94.07,36.46,4,1
59.0,FLOW_590,4.28,4.17,1,0
59.1,FLOW_591,6.55,1.87,2,0
59.2,FLOW_592,22.35,17.05,4,0
59.3,FLOW_593,27.02,8.12,5,0
59.4,FLOW_594,7.17,4.33,2,0
59.5,FLOW_595,7.09,3.11,1,0
59.6,FLOW_596,16.54,17.99,4,0
59.7,FLOW_597,21.04,11.69,4,0
59.8,FLOW_598,27.79,8.93,5,0
59.9,FLOW_599,8.95,1.1,2,0
60.0,FLOW_600,4.89,3.59,2,0
60.1,FLOW_601,2.4,1.11,1,0
60.2,FLOW_602,19.88,12.12,5,0
60.3,FLOW_603,9.59,4.32,2,0
60.4,FLOW_604,7.42,4.43,1,0
60.5,FLOW_605,17.12,11.54,5,0
60.6,FLOW_606,6.83,2.62,2,0
60.7,FLOW_607,8.45,4.08,1,0
60.8,FLOW_608,7.15,3.32,2,0
60.9,FLOW_609,7.52,4.14,2,0
61.0,FLOW_610,7.96,3.94,1,0
61.1,FLOW_611,4.29,1.86,2,0
61.2,FLOW_612,7.75,2.33,1,0
61.3,FLOW_613,27.78,10.44,4,0
61.4,FLOW_614,24.18,18.19,4,0
61.5,FLOW_615,6.08,1.23,2,0
61.6,FLOW_616,3.19,1.29,1,0
61.7,FLOW_617,3.78,2.91,2,0
61.8,FLOW_618,8.76,1.74,1,0
61.9,FLOW_619,20.63,19.66,5,0
62.0,FLOW_620,92.22,31.74,5,1
62.1,FLOW_621,3.33,1.39,2,0
62.2,FLOW_622,6.12,1.07,1,0
62.3,FLOW_623,7.6,4.86,1,0
62.4,FLOW_624,7.29,2.5,1,0
62.5,FLOW_625,8.55,3.24,1,0
62.6,FLOW_626,6.78,2.91,1,0
62.7,FLOW_627,2.65,3.88,1,0
62.8,FLOW_628,6.27,1.49,2,0
62.9,FLOW_629,23.24,12.97,5,0
63.0,FLOW_630,3.12,4.57,1,0
63.1,FLOW_631,9.47,4.52,1,0
63.2,FLOW_632,28.0,10.2,5,0
63.3,FLOW_633,4.85,2.43,2,0
63.4,FLOW_634,7.67,4.92,1,0
63.5,FLOW_635,6.67,3.91,1,0
63.6,FLOW_636,27.79,19.14,4,0
63.7,FLOW_637,4.28,1.43,2,0
63.8,FLOW_638,2.83,2.18,1,0
63.9,FLOW_639,85.69,47.55,4,1
64.0,FLOW_640,8.61,1.6,1,0
64.1,FLOW_641,7.31,1.01,2,0
64.2,FLOW_642,18.52,17.97,4,0
64.3,FLOW_643,7.9,3.98,2,0
64.4,FLOW_644,21.22,19.05,4,0
64.5,FLOW_645,27.2,8.83,5,0
64.6,FLOW_646,2.48,1.81,2,0
64.7,FLOW_647,86.58,32.04,5,1
64.8,FLOW_648,8.91,1.93,2,0
64.9,FLOW_649,22.19,18.49,5,0
65.0,FLOW_650,3.85,1.78,2,0
65.1,FLOW_651,4.0,3.95,1,0
65.2,FLOW_652,24.15,14.35,5,0
65.3,FLOW_653,3.16,1.59,1,0
65.4,FLOW_654,22.93,16.63,4,0
65.5,FLOW_655,2.87,1.49,1,0
65.6,FLOW_656,26.99,12.49,4,0
65.7,FLOW_657,26.18,15.92,4,0
65.8,FLOW_658,9.64,3.96,1,0
65.9,FLOW_659,79.53,47.04,5,1
66.0,FLOW_660,8.07,2.93,2,0
66.1,FLOW_661,8.26,4.08,2,0
66.2,FLOW_662,7.68,1.06,1,0
66.3,FLOW_663,3.27,1.54,1,0
66.4,FLOW_664,3.02,1.23,1,0
66.5,FLOW_665,6.79,2.58,2,0
66.6,FLOW_666,77.74,47.84,4,1
66.7,FLOW_667,7.26,4.09,1,0
66.8,FLOW_668,16.55,10.58,5,0
66.9,FLOW_669,5.44,3.05,1,0
67.0,FLOW_670,8.95,1.25,2,0
67.1,FLOW_671,6.46,1.46,2,0
67.2,FLOW_672,8.91,3.37,1,0
67.3,FLOW_673,6.56,1.16,2,0
67.4,FLOW_674,5.61,2.5,2,0
67.5,FLOW_675,19.18,15.23,4,0
67.6,FLOW_676,28.41,19.45,4,0
67.7,FLOW_677,7.79,4.36,2,0
67.8,FLOW_678,5.04,3.74,1,0
67.9,FLOW_679,8.33,3.61,1,0
68.0,FLOW_680,73.19,42.08,4,1
68.1,FLOW_681,4.48,3.59,1,0
68.2,FLOW_682,9.28,2.33,1,0
68.3,FLOW_683,8.91,1.17,2,0
68.4,FLOW_684,2.05,1.68,2,0
68.5,FLOW_685,8.57,2.51,1,0
68.6,FLOW_686,24.32,12.3,4,0
68.7,FLOW_687,5.23,2.24,1,0
68.8,FLOW_688,5.57,1.5,2,0
68.9,FLOW_689,87.96,43.67,4,1
69.0,FLOW_690,6.15,2.6,2,0
69.1,FLOW_691,3.87,4.96,2,0
69.2,FLOW_692,4.86,1.71,2,0
69.3,FLOW_693,9.05,3.08,1,0
69.4,FLOW_694,4.3,1.5,2,0
69.5,FLOW_695,2.14,1.7,2,0
69.6,FLOW_696,8.31,1.9,1,0
69.7,FLOW_697,3.41,2.02,2,0
69.8,FLOW_698,29.76,11.23,5,0
69.9,FLOW_699,4.83,1.72,1,0
70.0,FLOW_700,3.84,4.47,2,0
70.1,FLOW_701,24.03,19.72,5,0
70.2,FLOW_702,3.04,3.59,2,0
70.3,FLOW_703,80.58,47.95,4,1
70.4,FLOW_704,3.82,4.59,1,0
70.5,FLOW_705,8.32,1.87,1,0
70.6,FLOW_706,3.79,4.34,2,0
70.7,FLOW_707,29.68,18.54,5,0
70.8,FLOW_708,3.39,3.77,1,0
70.9,FLOW_709,2.53,1.65,1,0
71.0,FLOW_710,9.95,2.44,1,0
71.1,FLOW_711,3.37,3.11,1,0
71.2,FLOW_712,3.04,4.53,2,0
71.3,FLOW_713,3.38,4.3,2,0
71.4,FLOW_714,7.09,4.79,1,0
71.5,FLOW_715,4.86,4.82,2,0
71.6,FLOW_716,15.92,11.22,5,0
71.7,FLOW_717,5.64,4.67,2,0
71.8,FLOW_718,69.39,36.41,4,1
71.9,FLOW_719,5.19,3.36,2,0
72.0,FLOW_720,16.73,8.41,4,0
72.1,FLOW_721,2.99,3.07,1,0
72.2,FLOW_722,4.28,3.32,1,0
72.3,FLOW_723,6.44,3.89,1,0
72.4,FLOW_724,7.35,1.98,2,0
72.5,FLOW_725,20.27,10.81,5,0
72.6,FLOW_726,82.72,48.32,4,1
72.7,FLOW_727,22.65,19.68,5,0
72.8,FLOW_728,28.85,15.39,4,0
72.9,FLOW_729,7.16,3.09,2,0
73.0,FLOW_730,22.04,14.19,4,0
73.1,FLOW_731,9.74,4.05,2,0
73.2,FLOW_732,9.53,3.82,2,0
73.3,FLOW_733,2.21,4.67,1,0
73.4,FLOW_734,4.03,1.57,1,0
73.5,FLOW_735,28.56,14.12,4,0
73.6,FLOW_736,2.91,2.94,1,0
73.7,FLOW_737,3.9,2.86,2,0
73.8,FLOW_738,5.55,4.21,1,0
73.9,FLOW_739,8.27,3.71,2,0
74.0,FLOW_740,2.53,3.67,2,0
74.1,FLOW_741,2.42,4.83,2,0
74.2,FLOW_742,7.4,2.38,1,0
74.3,FLOW_743,86.53,31.71,5,1
74.4,FLOW_744,72.99,49.54,5,1
74.5,FLOW_745,63.37,33.44,4,1
74.6,FLOW_746,4.28,2.13,2,0
74.7,FLOW_747,2.53,2.14,1,0
74.8,FLOW_748,20.87,9.81,5,0
74.9,FLOW_749,15.84,13.05,4,0
75.0,FLOW_750,3.35,1.66,2,0
75.1,FLOW_751,16.1,11.5,4,0
75.2,FLOW_752,6.13,1.31,1,0
75.3,FLOW_753,27.2,12.41,4,0
75.4,FLOW_754,28.41,11.85,4,0
75.5,FLOW_755,8.45,2.16,1,0
75.6,FLOW_756,79.86,31.73,4,1
75.7,FLOW_757,8.77,1.67,2,0
75.8,FLOW_758,24.54,9.22,5,0
75.9,FLOW_759,23.4,13.0,4,0
76.0,FLOW_760,4.54,2.94,2,0
76.1,FLOW_761,19.78,9.97,5,0
76.2,FLOW_762,21.85,12.26,4,0
76.3,FLOW_763,3.72,3.1,1,0
76.4,FLOW_764,74.57,45.53,5,1
76.5,FLOW_765,9.45,4.4,1,0
76.6,FLOW_766,6.41,2.07,2,0
76.7,FLOW_767,5.69,3.22,2,0
76.8,FLOW_768,3.86,4.46,1,0
76.9,FLOW_769,2.66,4.5,2,0
77.0,FLOW_770,7.75,4.59,2,0
77.1,FLOW_771,9.81,4.46,2,0
77.2,FLOW_772,22.83,9.2,4,0
77.3,FLOW_773,65.81,39.44,5,1
77.4,FLOW_774,2.77,2.41,2,0
77.5,FLOW_775,8.28,2.52,2,0
77.6,FLOW_776,3.65,3.34,2,0
77.7,FLOW_777,6.43,4.88,2,0
77.8,FLOW_778,5.75,3.21,1,0
77.9,FLOW_779,8.83,2.86,2,0
78.0,FLOW_780,8.6,1.56,2,0
78.1,FLOW_781,7.24,3.43,2,0
78.2,FLOW_782,19.53,16.71,4,0
78.3,FLOW_783,9.83,3.76,2,0
78.4,FLOW_784,22.98,16.09,5,0
78.5,FLOW_785,5.47,3.29,1,0
78.6,FLOW_786,4.19,4.3,1,0
78.7,FLOW_787,3.82,2.21,1,0
78.8,FLOW_788,4.52,4.69,2,0
78.9,FLOW_789,6.26,2.11,1,0
79.0,FLOW_790,4.06,3.55,1,0
79.1,FLOW_791,20.75,18.62,5,0
79.2,FLOW_792,7.64,1.85,1,0
79.3,FLOW_793,2.52,3.85,1,0
79.4,FLOW_794,61.6,46.93,5,1
79.5,FLOW_795,9.9,1.99,1,0
79.6,FLOW_796,3.72,1.44,2,0
79.7,FLOW_797,17.03,16.99,4,0
79.8,FLOW_798,22.03,11.49,5,0
79.9,FLOW_799,2.04,4.21,2,0
80.0,FLOW_800,3.19,3.37,2,0
80.1,FLOW_801,7.51,2.58,2,0
80.2,FLOW_802,2.96,4.31,2,0
80.3,FLOW_803,93.04,39.04,5,1
80.4,FLOW_804,2.47,2.82,2,0
80.5,FLOW_805,74.04,30.33,4,1
80.6,FLOW_806,71.87,30.45,5,1
80.7,FLOW_807,4.08,2.0,1,0
80.8,FLOW_808,8.21,3.35,1,0
80.9,FLOW_809,16.17,19.88,4,0
81.0,FLOW_810,9.26,3.97,1,0
81.1,FLOW_811,21.64,13.28,4,0
81.2,FLOW_812,2.07,1.46,2,0
81.3,FLOW_813,9.27,3.98,2,0
81.4,FLOW_814,22.77,12.8,5,0
81.5,FLOW_815,9.02,2.44,2,0
81.6,FLOW_816,7.21,3.39,2,0
81.7,FLOW_817,8.0,2.9,1,0
81.8,FLOW_818,2.07,1.21,2,0
81.9,FLOW_819,4.45,2.92,2,0
82.0,FLOW_820,6.27,3.78,1,0
82.1,FLOW_821,15.21,10.54,4,0
82.2,FLOW_822,81.85,31.85,4,1
82.3,FLOW_823,7.03,2.27,1,0
82.4,FLOW_824,15.44,16.59,4,0
82.5,FLOW_825,5.82,1.86,1,0
82.6,FLOW_826,9.12,4.6,2,0
82.7,FLOW_827,72.47,31.2,4,1
82.8,FLOW_828,7.06,3.39,2,0
82.9,FLOW_829,24.82,10.68,4,0
83.0,FLOW_830,18.72,17.85,4,0
83.1,FLOW_831,7.83,2.18,1,0
83.2,FLOW_832,26.8,16.02,4,0
83.3,FLOW_833,2.09,2.29,2,0
83.4,FLOW_834,4.9,3.39,2,0
83.5,FLOW_835,6.33,2.08,1,0
83.6,FLOW_836,26.81,13.15,4,0
83.7,FLOW_837,5.56,3.16,2,0
83.8,FLOW_838,85.79,44.7,4,1
83.9,FLOW_839,19.91,13.29,4,0
84.0,FLOW_840,21.27,14.92,5,0
84.1,FLOW_841,3.85,2.21,1,0
84.2,FLOW_842,29.56,14.14,4,0
84.3,FLOW_843,6.8,1.96,2,0
84.4,FLOW_844,3.64,1.03,2,0
84.5,FLOW_845,16.28,17.93,5,0
84.6,FLOW_846,9.25,3.42,2,0
84.7,FLOW_847,6.07,2.31,2,0
84.8,FLOW_848,3.63,1.41,1,0
84.9,FLOW_849,9.77,2.06,1,0
85.0,FLOW_850,18.47,11.81,5,0
85.1,FLOW_851,2.48,2.38,1,0
85.2,FLOW_852,7.19,2.69,2,0
85.3,FLOW_853,6.94,2.76,2,0
85.4,FLOW_854,8.51,2.16,1,0
85.5,FLOW_855,5.86,4.26,1,0
85.6,FLOW_856,66.24,39.14,4,1
85.7,FLOW_857,9.24,4.26,2,0
85.8,FLOW_858,9.51,1.33,2,0
85.9,FLOW_859,5.65,3.81,1,0
86.0,FLOW_860,81.98,31.86,5,1
86.1,FLOW_861,7.14,1.01,1,0
86.2,FLOW_862,7.96,1.29,2,0
86.3,FLOW_863,9.94,2.5,1,0
86.4,FLOW_864,26.48,16.32,4,0
86.5,FLOW_865,62.11,30.21,4,1
86.6,FLOW_866,9.35,3.64,2,0
86.7,FLOW_867,7.69,3.9,1,0
86.8,FLOW_868,2.96,3.22,2,0
86.9,FLOW_869,82.1,49.43,4,1
87.0,FLOW_870,5.52,1.83,2,0
87.1,FLOW_871,5.48,2.81,1,0
87.2,FLOW_872,7.35,4.9,2,0
87.3,FLOW_873,4.5,4.58,2,0
87.4,FLOW_874,85.41,38.65,4,1
87.5,FLOW_875,6.9,1.66,2,0
87.6,FLOW_876,5.26,2.43,2,0
87.7,FLOW_877,18.96,9.04,5,0
87.8,FLOW_878,6.99,4.67,1,0
87.9,FLOW_879,18.45,13.89,5,0
88.0,FLOW_880,16.24,17.87,5,0
88.1,FLOW_881,8.43,4.6,2,0
88.2,FLOW_882,5.96,2.16,1,0
88.3,FLOW_883,8.66,1.14,1,0
88.4,FLOW_884,6.37,2.27,1,0
88.5,FLOW_885,8.49,2.4,2,0
88.6,FLOW_886,2.81,1.44,1,0
88.7,FLOW_887,7.56,3.03,1,0
88.8,FLOW_888,15.02,8.98,5,0
88.9,FLOW_889,2.92,3.1,2,0
89.0,FLOW_890,9.36,2.75,2,0
89.1,FLOW_891,7.01,2.57,1,0
89.2,FLOW_892,80.43,45.4,5,1
89.3,FLOW_893,4.89,1.14,1,0
89.4,FLOW_894,4.28,4.02,2,0
89.5,FLOW_895,9.28,1.08,1,0
89.6,FLOW_896,4.92,2.76,1,0
89.7,FLOW_897,5.73,3.14,2,0
89.8,FLOW_898,5.77,3.82,1,0
89.9,FLOW_899,3.09,4.04,2,0
90.0,FLOW_900,9.01,1.58,2,0
90.1,FLOW_901,8.3,2.83,2,0
90.2,FLOW_902,8.19,1.46,1,0
90.3,FLOW_903,6.36,2.11,1,0
90.4,FLOW_904,6.64,4.41,2,0
90.5,FLOW_905,73.5,50.0,5,1
90.6,FLOW_906,9.4,1.44,2,0
90.7,FLOW_907,7.15,4.99,2,0
90.8,FLOW_908,7.88,2.65,1,0
90.9,FLOW_909,82.94,39.65,5,1
91.0,FLOW_910,3.89,1.5,2,0
91.1,FLOW_911,92.99,34.96,4,1
91.2,FLOW_912,7.89,4.44,1,0
91.3,FLOW_913,6.97,3.92,1,0
91.4,FLOW_914,3.37,3.38,1,0
91.5,FLOW_915,7.26,4.73,1,0
91.6,FLOW_916,18.83,13.21,5,0
91.7,FLOW_917,5.92,4.7,1,0
91.8,FLOW_918,28.24,17.7,4,0
91.9,FLOW_919,7.22,1.2,2,0
92.0,FLOW_920,4.33,3.8,1,0
92.1,FLOW_921,5.96,1.38,1,0
92.2,FLOW_922,7.72,4.5,1,0
92.3,FLOW_923,65.87,34.65,5,1
92.4,FLOW_924,3.95,2.95,2,0
92.5,FLOW_925,18.48,19.26,4,0
92.6,FLOW_926,9.37,1.91,2,0
92.7,FLOW_927,76.25,33.94,5,1
92.8,FLOW_928,3.95,4.11,2,0
92.9,FLOW_929,8.05,3.44,2,0
93.0,FLOW_930,20.7,12.04,5,0
93.1,FLOW_931,9.07,1.33,2,0
93.2,FLOW_932,9.89,2.61,1,0
93.3,FLOW_933,22.44,11.65,4,0
93.4,FLOW_934,9.72,4.33,1,0
93.5,FLOW_935,3.97,2.78,1,0
93.6,FLOW_936,4.86,1.25,2,0
93.7,FLOW_937,3.96,1.02,1,0
93.8,FLOW_938,19.3,8.02,4,0
93.9,FLOW_939,9.91,3.28,1,0
94.0,FLOW_940,18.09,17.01,4,0
94.1,FLOW_941,62.54,46.14,4,1
94.2,FLOW_942,5.06,4.14,1,0
94.3,FLOW_943,8.87,4.48,2,0
94.4,FLOW_944,9.69,3.88,2,0
94.5,FLOW_945,2.21,2.31,2,0
94.6,FLOW_946,7.4,2.39,1,0
94.7,FLOW_947,24.31,10.95,4,0
94.8,FLOW_948,7.46,1.55,2,0
94.9,FLOW_949,6.5,2.43,2,0
95.0,FLOW_950,4.86,4.53,1,0
95.1,FLOW_951,20.21,14.78,4,0
95.2,FLOW_952,2.6,3.15,2,0
95.3,FLOW_953,81.53,35.54,5,1
95.4,FLOW_954,24.27,17.2,5,0
95.5,FLOW_955,7.11,4.34,2,0
95.6,FLOW_956,4.91,3.1,1,0
95.7,FLOW_957,21.18,10.04,4,0
95.8,FLOW_958,6.81,3.0,1,0
95.9,FLOW_959,7.66,4.72,1,0
96.0,FLOW_960,4.09,1.81,2,0
96.1,FLOW_961,3.69,1.12,2,0
96.2,FLOW_962,4.66,4.71,2,0
96.3,FLOW_963,24.04,13.72,4,0
96.4,FLOW_964,8.73,1.55,1,0
96.5,FLOW_965,5.34,3.26,1,0
96.6,FLOW_966,7.34,4.26,1,0
96.7,FLOW_967,3.02,1.15,1,0
96.8,FLOW_968,25.86,8.3,5,0
96.9,FLOW_969,79.06,31.1,4,1
97.0,FLOW_970,2.32,3.57,2,0
97.1,FLOW_971,25.77,18.3,5,0
97.2,FLOW_972,7.21,2.79,1,0
97.3,FLOW_973,2.46,1.63,2,0
97.4,FLOW_974,2.46,2.7,1,0
97.5,FLOW_975,8.42,1.17,2,0
97.6,FLOW_976,2.72,4.59,2,0
97.7,FLOW_977,28.87,16.4,5,0
97.8,FLOW_978,66.81,43.46,5,1
97.9,FLOW_979,8.04,2.6,2,0
98.0,FLOW_980,69.56,35.7,5,1
98.1,FLOW_981,5.18,3.98,2,0
98.2,FLOW_982,8.7,3.34,1,0
98.3,FLOW_983,8.42,2.08,1,0
98.4,FLOW_984,9.11,1.46,1,0
98.5,FLOW_985,9.63,5.0,2,0
98.6,FLOW_986,5.6,1.32,1,0
98.7,FLOW_987,3.22,3.68,1,0
98.8,FLOW_988,91.59,36.48,5,1
98.9,FLOW_989,77.24,37.76,4,1
99.0,FLOW_990,3.17,3.45,1,0
99.1,FLOW_991,6.34,4.42,1,0
99.2,FLOW_992,2.94,1.47,2,0
99.3,FLOW_993,69.68,37.1,4,1
99.4,FLOW_994,6.68,2.51,2,0
99.5,FLOW_995,27.96,10.39,5,0
99.6,FLOW_996,9.48,4.52,1,0
99.7,FLOW_997,8.78,3.28,1,0
99.8,FLOW_998,9.58,3.38,2,0
99.9,FLOW_999,2.47,3.53,2,0
100.0,FLOW_1000,3.89,4.14,2,0
100.1,FLOW_1001,8.08,4.97,2,0
100.2,FLOW_1002,62.39,39.1,4,1
100.3,FLOW_1003,8.74,4.87,1,0
100.4,FLOW_1004,6.64,3.47,1,0
100.5,FLOW_1005,9.88,3.29,2,0
100.6,FLOW_1006,3.74,1.07,2,0
100.7,FLOW_1007,15.7,11.61,5,0
100.8,FLOW_1008,26.1,8.98,5,0
100.9,FLOW_1009,2.94,2.46,2,0
101.0,FLOW_1010,29.03,19.74,5,0
101.1,FLOW_1011,6.32,2.92,2,0
101.2,FLOW_1012,2.04,1.27,1,0
101.3,FLOW_1013,9.91,3.42,1,0
101.4,FLOW_1014,4.57,4.36,1,0
101.5,FLOW_1015,21.99,10.47,4,0
101.6,FLOW_1016,6.25,3.88,1,0
101.7,FLOW_1017,9.63,2.97,2,0
101.8,FLOW_1018,5.0,4.57,1,0
101.9,FLOW_1019,8.3,4.9,2,0
102.0,FLOW_1020,26.97,10.79,5,0
102.1,FLOW_1021,4.64,3.69,2,0
102.2,FLOW_1022,7.48,1.93,2,0
102.3,FLOW_1023,5.7,4.04,1,0
102.4,FLOW_1024,22.1,11.51,5,0
102.5,FLOW_1025,5.46,3.72,1,0
102.6,FLOW_1026,5.4,3.43,2,0
102.7,FLOW_1027,26.63,17.75,5,0
102.8,FLOW_1028,2.25,3.98,1,0
102.9,FLOW_1029,3.9,4.54,1,0
103.0,FLOW_1030,7.56,4.13,1,0
103.1,FLOW_1031,17.45,11.55,4,0
103.2,FLOW_1032,76.3,35.61,5,1
103.3,FLOW_1033,7.0,1.67,1,0
103.4,FLOW_1034,87.31,44.34,4,1
103.5,FLOW_1035,3.59,1.73,2,0
103.6,FLOW_1036,5.59,4.59,1,0
103.7,FLOW_1037,15.86,13.62,5,0
103.8,FLOW_1038,5.53,4.03,1,0
103.9,FLOW_1039,27.96,9.61,5,0
104.0,FLOW_1040,6.27,3.0,1,0
104.1,FLOW_1041,15.69,16.48,4,0
104.2,FLOW_1042,6.9,4.24,1,0
104.3,FLOW_1043,3.32,3.56,2,0
104.4,FLOW_1044,3.43,2.01,1,0
104.5,FLOW_1045,25.32,16.86,5,0
104.6,FLOW_1046,92.12,47.12,4,1
104.7,FLOW_1047,2.21,4.22,2,0
104.8,FLOW_1048,7.65,4.0,2,0
104.9,FLOW_1049,9.35,2.22,2,0
105.0,FLOW_1050,3.09,2.05,2,0
105.1,FLOW_1051,4.78,4.02,2,0
105.2,FLOW_1052,9.2,2.75,1,0
105.3,FLOW_1053,6.14,1.34,1,0
105.4,FLOW_1054,3.91,2.78,1,0
105.5,FLOW_1055,70.34,41.52,5,1
105.6,FLOW_1056,5.09,4.75,1,0
105.7,FLOW_1057,9.32,1.51,1,0
105.8,FLOW_1058,8.28,1.47,2,0
105.9,FLOW_1059,5.48,2.41,1,0
106.0,FLOW_1060,6.46,4.63,1,0
106.1,FLOW_1061,83.42,49.86,4,1
106.2,FLOW_1062,6.25,3.15,1,0
106.3,FLOW_1063,9.49,1.39,1,0
106.4,FLOW_1064,5.44,2.72,2,0
106.5,FLOW_1065,17.23,14.11,5,0
106.6,FLOW_1066,3.29,4.78,2,0
106.7,FLOW_1067,6.41,3.32,2,0
106.8,FLOW_1068,3.13,4.86,2,0
106.9,FLOW_1069,5.01,2.73,2,0
107.0,FLOW_1070,5.82,1.84,2,0
107.1,FLOW_1071,24.1,15.11,5,0
107.2,FLOW_1072,9.75,2.63,1,0
107.3,FLOW_1073,2.38,3.31,2,0
107.4,FLOW_1074,88.28,45.41,5,1
107.5,FLOW_1075,6.73,3.44,2,0
107.6,FLOW_1076,7.47,3.91,2,0
107.7,FLOW_1077,4.14,3.21,1,0
107.8,FLOW_1078,3.22,3.16,2,0
107.9,FLOW_1079,4.68,3.04,1,0
108.0,FLOW_1080,5.73,1.69,1,0
108.1,FLOW_1081,25.06,18.98,4,0
108.2,FLOW_1082,94.15,37.43,5,1
108.3,FLOW_1083,2.2,3.1,1,0
108.4,FLOW_1084,8.08,4.4,2,0
108.5,FLOW_1085,6.91,2.27,2,0
108.6,FLOW_1086,4.15,4.58,2,0
108.7,FLOW_1087,3.23,4.84,1,0
108.8,FLOW_1088,68.72,43.74,4,1
108.9,FLOW_1089,3.53,2.8,2,0
109.0,FLOW_1090,3.77,2.22,1,0
109.1,FLOW_1091,90.82,46.72,4,1
109.2,FLOW_1092,7.98,1.96,2,0
109.3,FLOW_1093,6.12,1.34,1,0
109.4,FLOW_1094,29.01,10.69,4,0
109.5,FLOW_1095,4.54,3.05,1,0
109.6,FLOW_1096,4.23,3.88,2,0
109.7,FLOW_1097,8.01,2.26,2,0
109.8,FLOW_1098,3.0,1.97,1,0
109.9,FLOW_1099,3.23,4.61,2,0
110.0,FLOW_1100,24.6,10.27,4,0
110.1,FLOW_1101,6.62,1.45,2,0
110.2,FLOW_1102,6.24,4.0,1,0
110.3,FLOW_1103,82.47,42.45,4,1
110.4,FLOW_1104,4.59,4.75,2,0
110.5,FLOW_1105,8.68,4.55,1,0
110.6,FLOW_1106,5.96,2.45,1,0
110.7,FLOW_1107,69.05,45.58,5,1
110.8,FLOW_1108,2.48,2.64,2,0
110.9,FLOW_1109,15.44,17.73,5,0
111.0,FLOW_1110,25.99,10.28,4,0
111.1,FLOW_1111,8.56,1.15,2,0
111.2,FLOW_1112,24.58,13.84,5,0
111.3,FLOW_1113,5.34,4.19,1,0
111.4,FLOW_1114,3.46,3.42,2,0
111.5,FLOW_1115,3.98,3.73,2,0
111.6,FLOW_1116,26.38,14.71,5,0
111.7,FLOW_1117,22.52,15.31,5,0
111.8,FLOW_1118,7.59,2.0,1,0
111.9,FLOW_1119,88.4,46.14,4,1
112.0,FLOW_1120,8.45,2.08,1,0
112.1,FLOW_1121,5.55,1.99,2,0
112.2,FLOW_1122,29.49,9.36,5,0
112.3,FLOW_1123,5.5,2.27,1,0
112.4,FLOW_1124,25.44,9.73,4,0
112.5,FLOW_1125,5.79,2.28,1,0
112.6,FLOW_1126,4.34,2.14,1,0
112.7,FLOW_1127,83.28,33.11,5,1
112.8,FLOW_1128,4.3,3.49,1,0
112.9,FLOW_1129,6.48,3.19,2,0
113.0,FLOW_1130,4.35,3.29,1,0
113.1,FLOW_1131,27.12,11.99,4,0
113.2,FLOW_1132,4.55,2.38,2,0
113.3,FLOW_1133,3.07,4.35,1,0
113.4,FLOW_1134,6.43,1.92,1,0
113.5,FLOW_1135,9.99,2.91,2,0
113.6,FLOW_1136,74.93,41.2,5,1
113.7,FLOW_1137,28.92,13.62,5,0
113.8,FLOW_1138,2.9,3.01,1,0
113.9,FLOW_1139,9.33,3.01,1,0
114.0,FLOW_1140,82.07,33.72,4,1
114.1,FLOW_1141,68.39,36.47,5,1
114.2,FLOW_1142,68.78,44.93,5,1
114.3,FLOW_1143,5.62,3.07,2,0
114.4,FLOW_1144,4.72,1.66,2,0
114.5,FLOW_1145,4.86,2.84,2,0
114.6,FLOW_1146,62.74,43.36,4,1
114.7,FLOW_1147,2.86,4.68,1,0
114.8,FLOW_1148,85.12,39.3,4,1
114.9,FLOW_1149,23.93,14.2,5,0
115.0,FLOW_1150,20.99,10.51,4,0
115.1,FLOW_1151,8.12,1.66,1,0
115.2,FLOW_1152,5.17,1.42,1,0
115.3,FLOW_1153,25.87,9.69,4,0
115.4,FLOW_1154,93.06,35.95,5,1
115.5,FLOW_1155,3.28,3.62,1,0
115.6,FLOW_1156,2.0,4.68,2,0
115.7,FLOW_1157,19.95,12.78,5,0
115.8,FLOW_1158,3.44,4.69,2,0
115.9,FLOW_1159,9.02,3.79,1,0
116.0,FLOW_1160,67.66,31.23,4,1
116.1,FLOW_1161,6.15,2.0,2,0
116.2,FLOW_1162,4.84,1.76,2,0
116.3,FLOW_1163,24.46,9.91,4,0
116.4,FLOW_1164,19.07,18.14,5,0
116.5,FLOW_1165,7.28,4.52,2,0
116.6,FLOW_1166,8.4,2.69,1,0
116.7,FLOW_1167,7.52,1.45,1,0
116.8,FLOW_1168,7.68,4.91,2,0
116.9,FLOW_1169,3.13,2.81,2,0
117.0,FLOW_1170,6.16,1.05,1,0
117.1,FLOW_1171,8.26,1.48,2,0
117.2,FLOW_1172,15.14,10.85,4,0
117.3,FLOW_1173,71.36,49.98,5,1
117.4,FLOW_1174,2.62,3.29,1,0
117.5,FLOW_1175,9.99,4.62,1,0
117.6,FLOW_1176,66.04,31.89,5,1
117.7,FLOW_1177,9.73,3.21,1,0
117.8,FLOW_1178,5.14,2.15,2,0
117.9,FLOW_1179,6.35,1.64,2,0
118.0,FLOW_1180,2.57,2.47,1,0
118.1,FLOW_1181,4.19,4.89,1,0
118.2,FLOW_1182,2.12,4.99,2,0
118.3,FLOW_1183,26.31,8.41,4,0
118.4,FLOW_1184,26.14,17.45,4,0
118.5,FLOW_1185,76.09,46.77,4,1
118.6,FLOW_1186,7.56,1.24,2,0
118.7,FLOW_1187,3.38,1.72,2,0
118.8,FLOW_1188,9.73,3.1,2,0
118.9,FLOW_1189,3.02,4.05,1,0
119.0,FLOW_1190,7.7,1.66,1,0
119.1,FLOW_1191,2.83,3.88,1,0
119.2,FLOW_1192,19.72,18.4,4,0
119.3,FLOW_1193,2.83,2.2,2,0
119.4,FLOW_1194,6.9,1.62,1,0
119.5,FLOW_1195,24.12,14.28,4,0
119.6,FLOW_1196,20.06,16.63,5,0
119.7,FLOW_1197,4.28,4.44,1,0
119.8,FLOW_1198,16.5,11.89,4,0
119.9,FLOW_1199,4.44,4.76,2,0
120.0,FLOW_1200,80.47,49.84,5,1
120.1,FLOW_1201,2.87,1.57,1,0
120.2,FLOW_1202,6.47,4.07,2,0
120.3,FLOW_1203,7.54,2.2,1,0
120.4,FLOW_1204,3.23,2.77,1,0
120.5,FLOW_1205,6.29,3.41,1,0
120.6,FLOW_1206,7.87,4.39,1,0
120.7,FLOW_1207,3.51,1.45,1,0
120.8,FLOW_1208,29.46,18.6,4,0
120.9,FLOW_1209,24.55,17.18,4,0
121.0,FLOW_1210,6.47,4.53,2,0
121.1,FLOW_1211,2.29,2.5,2,0
121.2,FLOW_1212,6.25,2.3,1,0
121.3,FLOW_1213,5.55,1.79,1,0
121.4,FLOW_1214,22.93,16.74,5,0
121.5,FLOW_1215,5.64,4.89,2,0
121.6,FLOW_1216,3.46,4.54,1,0
121.7,FLOW_1217,17.64,15.06,4,0
121.8,FLOW_1218,80.41,49.97,5,1
121.9,FLOW_1219,7.5,2.99,2,0
122.0,FLOW_1220,6.53,1.1,1,0
122.1,FLOW_1221,6.72,2.25,1,0
122.2,FLOW_1222,2.15,3.59,2,0
122.3,FLOW_1223,2.46,4.65,2,0
122.4,FLOW_1224,90.24,35.67,5,1
122.5,FLOW_1225,83.63,40.07,4,1
122.6,FLOW_1226,9.54,5.0,1,0
122.7,FLOW_1227,4.1,4.76,1,0
122.8,FLOW_1228,2.65,3.84,1,0
122.9,FLOW_1229,9.68,4.69,1,0
123.0,FLOW_1230,3.92,2.48,1,0
123.1,FLOW_1231,3.91,2.67,2,0
123.2,FLOW_1232,18.13,10.34,5,0
123.3,FLOW_1233,7.48,1.33,1,0
123.4,FLOW_1234,6.08,2.74,2,0
123.5,FLOW_1235,7.76,1.45,2,0
123.6,FLOW_1236,7.56,2.48,1,0
123.7,FLOW_1237,4.27,1.04,1,0
123.8,FLOW_1238,9.6,3.61,1,0
123.9,FLOW_1239,15.6,10.85,4,0
124.0,FLOW_1240,3.69,4.13,2,0
124.1,FLOW_1241,9.29,3.62,1,0
124.2,FLOW_1242,5.52,3.89,2,0
124.3,FLOW_1243,6.73,2.01,2,0
124.4,FLOW_1244,5.6,1.31,2,0
124.5,FLOW_1245,18.65,19.4,5,0
124.6,FLOW_1246,6.21,2.96,1,0
124.7,FLOW_1247,8.79,4.86,1,0
124.8,FLOW_1248,5.52,2.52,1,0
124.9,FLOW_1249,6.55,1.72,2,0
125.0,FLOW_1250,5.76,2.2,2,0
125.1,FLOW_1251,20.33,19.37,5,0
125.2,FLOW_1252,16.42,9.92,5,0
125.3,FLOW_1253,9.78,2.89,2,0
125.4,FLOW_1254,28.07,8.37,5,0
125.5,FLOW_1255,28.54,9.37,4,0
125.6,FLOW_1256,4.2,1.76,2,0
125.7,FLOW_1257,19.96,11.28,5,0
125.8,FLOW_1258,9.42,2.55,1,0
125.9,FLOW_1259,4.45,2.42,2,0
126.0,FLOW_1260,17.6,9.72,4,0
126.1,FLOW_1261,4.26,3.71,1,0
126.2,FLOW_1262,8.18,3.03,2,0
126.3,FLOW_1263,8.29,4.2,2,0
126.4,FLOW_1264,5.42,3.82,2,0
126.5,FLOW_1265,4.14,4.16,2,0
126.6,FLOW_1266,2.87,1.91,2,0
126.7,FLOW_1267,5.54,3.8,2,0
126.8,FLOW_1268,69.44,48.95,5,1
126.9,FLOW_1269,5.17,2.69,1,0
127.0,FLOW_1270,4.03,1.03,2,0
127.1,FLOW_1271,9.25,3.37,1,0
127.2,FLOW_1272,88.71,47.75,4,1
127.3,FLOW_1273,9.41,3.44,1,0
127.4,FLOW_1274,27.48,9.89,4,0
127.5,FLOW_1275,67.67,40.98,5,1
127.6,FLOW_1276,68.91,46.43,5,1
127.7,FLOW_1277,8.97,4.7,2,0
127.8,FLOW_1278,6.4,4.05,1,0
127.9,FLOW_1279,7.73,1.58,1,0
128.0,FLOW_1280,8.3,4.67,2,0
128.1,FLOW_1281,2.32,3.06,2,0
128.2,FLOW_1282,3.58,2.51,2,0
128.3,FLOW_1283,8.16,2.32,1,0
128.4,FLOW_1284,2.3,2.48,2,0
128.5,FLOW_1285,3.16,1.32,1,0
128.6,FLOW_1286,92.25,42.15,4,1
128.7,FLOW_1287,2.49,1.51,1,0
128.8,FLOW_1288,3.41,4.32,1,0
128.9,FLOW_1289,26.98,18.0,5,0
129.0,FLOW_1290,7.89,3.01,1,0
129.1,FLOW_1291,6.54,1.21,1,0
129.2,FLOW_1292,64.63,47.14,5,1
129.3,FLOW_1293,4.0,2.04,2,0
129.4,FLOW_1294,8.42,1.03,2,0
129.5,FLOW_1295,28.01,13.29,5,0
129.6,FLOW_1296,27.98,16.18,5,0
129.7,FLOW_1297,9.95,4.65,1,0
129.8,FLOW_1298,8.36,3.48,2,0
129.9,FLOW_1299,9.06,2.76,2,0
130.0,FLOW_1300,4.21,3.18,1,0
130.1,FLOW_1301,7.26,4.22,2,0
130.2,FLOW_1302,9.52,2.62,1,0
130.3,FLOW_1303,3.09,1.8,2,0
130.4,FLOW_1304,4.8,1.84,1,0
130.5,FLOW_1305,22.56,12.21,4,0
130.6,FLOW_1306,71.43,43.16,5,1
130.7,FLOW_1307,72.61,49.49,5,1
130.8,FLOW_1308,3.68,3.5,2,0
130.9,FLOW_1309,15.81,18.43,5,0
131.0,FLOW_1310,18.31,13.69,5,0
131.1,FLOW_1311,8.94,1.81,2,0
131.2,FLOW_1312,7.73,2.58,2,0
131.3,FLOW_1313,2.99,4.59,2,0
131.4,FLOW_1314,4.19,3.9,2,0
131.5,FLOW_1315,6.65,3.18,1,0
131.6,FLOW_1316,86.29,47.4,5,1
131.7,FLOW_1317,3.74,2.55,2,0
131.8,FLOW_1318,2.62,3.68,2,0
131.9,FLOW_1319,67.68,30.43,5,1
132.0,FLOW_1320,7.02,2.34,2,0
132.1,FLOW_1321,28.27,11.26,4,0
132.2,FLOW_1322,22.04,10.12,5,0
132.3,FLOW_1323,6.57,3.88,1,0
132.4,FLOW_1324,9.13,2.65,1,0
132.5,FLOW_1325,6.32,1.11,2,0
132.6,FLOW_1326,9.83,1.09,2,0
132.7,FLOW_1327,8.27,3.63,1,0
132.8,FLOW_1328,9.05,1.19,1,0
132.9,FLOW_1329,8.6,3.08,1,0
133.0,FLOW_1330,28.34,11.05,4,0
133.1,FLOW_1331,6.74,3.33,1,0
133.2,FLOW_1332,4.53,2.56,1,0
133.3,FLOW_1333,28.85,10.62,4,0
133.4,FLOW_1334,7.43,1.68,2,0
133.5,FLOW_1335,4.91,3.42,2,0
133.6,FLOW_1336,7.28,2.95,2,0
133.7,FLOW_1337,20.32,10.56,5,0
133.8,FLOW_1338,19.59,10.95,4,0
133.9,FLOW_1339,6.13,1.91,1,0
134.0,FLOW_1340,8.82,3.79,2,0
134.1,FLOW_1341,19.12,14.14,5,0
134.2,FLOW_1342,24.7,9.08,4,0
134.3,FLOW_1343,5.97,4.84,1,0
134.4,FLOW_1344,5.97,1.06,2,0
134.5,FLOW_1345,6.01,1.56,1,0
134.6,FLOW_1346,17.48,9.82,4,0
134.7,FLOW_1347,7.8,1.38,1,0
134.8,FLOW_1348,2.13,4.04,1,0
134.9,FLOW_1349,76.9,30.02,5,1
135.0,FLOW_1350,7.15,4.93,1,0
135.1,FLOW_1351,7.17,1.4,1,0
135.2,FLOW_1352,6.81,2.95,1,0
135.3,FLOW_1353,7.07,4.17,2,0
135.4,FLOW_1354,9.65,4.15,1,0
135.5,FLOW_1355,6.12,4.6,1,0
135.6,FLOW_1356,2.74,2.52,2,0
135.7,FLOW_1357,3.72,3.06,1,0
135.8,FLOW_1358,8.93,3.34,2,0
135.9,FLOW_1359,7.64,2.86,1,0
136.0,FLOW_1360,5.44,4.54,1,0
136.1,FLOW_1361,9.45,3.94,2,0
136.2,FLOW_1362,4.39,1.36,1,0
136.3,FLOW_1363,6.59,3.17,1,0
136.4,FLOW_1364,9.54,1.23,2,0
136.5,FLOW_1365,5.52,1.8,1,0
136.6,FLOW_1366,5.16,1.87,1,0
136.7,FLOW_1367,3.62,3.74,1,0
136.8,FLOW_1368,5.29,4.77,2,0
136.9,FLOW_1369,7.25,1.62,2,0
137.0,FLOW_1370,7.18,3.24,2,0
137.1,FLOW_1371,3.03,4.27,2,0
137.2,FLOW_1372,62.72,47.9,4,1
137.3,FLOW_1373,3.6,2.09,2,0
137.4,FLOW_1374,7.1,4.12,1,0
137.5,FLOW_1375,25.15,13.41,5,0
137.6,FLOW_1376,20.01,16.84,5,0
137.7,FLOW_1377,5.32,3.84,1,0
137.8,FLOW_1378,6.89,1.81,2,0
137.9,FLOW_1379,4.95,1.14,1,0
138.0,FLOW_1380,29.97,14.55,4,0
138.1,FLOW_1381,4.78,1.84,1,0
138.2,FLOW_1382,4.09,3.91,2,0
138.3,FLOW_1383,5.23,4.08,1,0
138.4,FLOW_1384,2.31,4.51,2,0
138.5,FLOW_1385,5.29,1.86,1,0
138.6,FLOW_1386,3.6,4.2,1,0
138.7,FLOW_1387,7.87,3.4,1,0
138.8,FLOW_1388,21.79,14.8,4,0
138.9,FLOW_1389,6.13,2.54,2,0
139.0,FLOW_1390,7.5,4.36,2,0
139.1,FLOW_1391,5.53,4.46,1,0
139.2,FLOW_1392,2.73,2.18,1,0
139.3,FLOW_1393,5.45,2.87,1,0
139.4,FLOW_1394,23.12,16.58,4,0
139.5,FLOW_1395,26.17,14.27,4,0
139.6,FLOW_1396,3.08,1.08,2,0
139.7,FLOW_1397,21.28,8.17,4,0
139.8,FLOW_1398,6.82,3.49,2,0
139.9,FLOW_1399,4.54,4.77,2,0
140.0,FLOW_1400,9.65,2.43,2,0
140.1,FLOW_1401,8.73,3.91,1,0
140.2,FLOW_1402,8.86,3.73,2,0
140.3,FLOW_1403,2.89,3.06,2,0
140.4,FLOW_1404,89.13,35.41,4,1
140.5,FLOW_1405,19.46,8.38,5,0
140.6,FLOW_1406,8.05,2.85,2,0
140.7,FLOW_1407,9.48,3.9,2,0
140.8,FLOW_1408,28.57,14.35,4,0
140.9,FLOW_1409,7.12,3.57,1,0
141.0,FLOW_1410,8.34,3.24,2,0
141.1,FLOW_1411,5.9,3.58,1,0
141.2,FLOW_1412,2.41,1.72,1,0
141.3,FLOW_1413,26.69,10.07,4,0
141.4,FLOW_1414,8.37,2.59,1,0
141.5,FLOW_1415,2.55,3.27,2,0
141.6,FLOW_1416,22.93,19.28,5,0
141.7,FLOW_1417,3.06,4.98,1,0
141.8,FLOW_1418,9.39,4.16,2,0
141.9,FLOW_1419,9.83,2.4,1,0
142.0,FLOW_1420,25.82,18.61,5,0
142.1,FLOW_1421,8.82,4.59,2,0
142.2,FLOW_1422,6.18,2.01,2,0
142.3,FLOW_1423,2.42,4.62,2,0
142.4,FLOW_1424,86.69,41.42,4,1
142.5,FLOW_1425,21.63,14.86,4,0
142.6,FLOW_1426,6.38,3.98,1,0
142.7,FLOW_1427,6.64,2.29,2,0
142.8,FLOW_1428,7.82,1.3,1,0
142.9,FLOW_1429,7.94,4.65,1,0
143.0,FLOW_1430,5.23,1.44,1,0
143.1,FLOW_1431,2.32,4.3,1,0
143.2,FLOW_1432,6.73,2.19,2,0
143.3,FLOW_1433,3.89,2.92,1,0
143.4,FLOW_1434,2.03,4.81,2,0
143.5,FLOW_1435,6.8,4.51,2,0
143.6,FLOW_1436,3.97,3.44,2,0
143.7,FLOW_1437,85.72,45.86,5,1
143.8,FLOW_1438,4.42,4.63,2,0
143.9,FLOW_1439,7.63,2.16,2,0
144.0,FLOW_1440,2.89,1.55,1,0
144.1,FLOW_1441,5.93,4.98,1,0
144.2,FLOW_1442,7.78,1.21,2,0
144.3,FLOW_1443,3.03,3.32,1,0
144.4,FLOW_1444,2.1,4.23,1,0
144.5,FLOW_1445,5.61,1.53,1,0
144.6,FLOW_1446,5.67,4.76,2,0
144.7,FLOW_1447,4.06,4.28,2,0
144.8,FLOW_1448,28.4,9.95,4,0
144.9,FLOW_1449,6.6,4.91,2,0
145.0,FLOW_1450,3.97,4.77,2,0
145.1,FLOW_1451,7.93,1.16,2,0
145.2,FLOW_1452,23.18,10.03,5,0
145.3,FLOW_1453,2.87,4.85,1,0
145.4,FLOW_1454,4.46,1.77,1,0
145.5,FLOW_1455,8.43,4.59,2,0
145.6,FLOW_1456,3.51,2.32,1,0
145.7,FLOW_1457,6.28,4.22,2,0
145.8,FLOW_1458,17.94,16.43,5,0
145.9,FLOW_1459,7.29,3.06,1,0
146.0,FLOW_1460,3.78,2.28,1,0
146.1,FLOW_1461,2.66,1.19,2,0
146.2,FLOW_1462,23.51,11.83,4,0
146.3,FLOW_1463,5.14,4.27,1,0
146.4,FLOW_1464,22.61,9.03,5,0
146.5,FLOW_1465,3.27,3.82,1,0
146.6,FLOW_1466,22.25,13.59,5,0
146.7,FLOW_1467,4.2,4.88,1,0
146.8,FLOW_1468,4.34,3.73,2,0
146.9,FLOW_1469,4.73,1.04,2,0
147.0,FLOW_1470,21.7,12.99,5,0
147.1,FLOW_1471,7.19,1.08,1,0
147.2,FLOW_1472,9.17,1.01,1,0
147.3,FLOW_1473,18.29,15.05,5,0
147.4,FLOW_1474,7.44,4.06,2,0
147.5,FLOW_1475,4.82,3.42,1,0
147.6,FLOW_1476,9.33,3.36,2,0
147.7,FLOW_1477,6.68,2.65,2,0
147.8,FLOW_1478,6.85,2.01,2,0
147.9,FLOW_1479,19.81,13.09,5,0
148.0,FLOW_1480,4.17,4.4,1,0
148.1,FLOW_1481,22.97,8.86,4,0
148.2,FLOW_1482,4.45,5.0,1,0
148.3,FLOW_1483,8.7,1.3,1,0
148.4,FLOW_1484,9.36,1.3,1,0
148.5,FLOW_1485,7.08,4.38,2,0
148.6,FLOW_1486,21.86,12.91,5,0
148.7,FLOW_1487,6.78,1.45,1,0
148.8,FLOW_1488,3.72,4.98,1,0
148.9,FLOW_1489,25.46,9.99,4,0
149.0,FLOW_1490,7.12,4.27,1,0
149.1,FLOW_1491,7.66,1.17,1,0
149.2,FLOW_1492,9.6,2.98,2,0
149.3,FLOW_1493,3.2,2.52,2,0
149.4,FLOW_1494,69.05,32.38,4,1
149.5,FLOW_1495,16.15,11.78,4,0
149.6,FLOW_1496,63.22,38.28,5,1
149.7,FLOW_1497,6.84,1.93,2,0
149.8,FLOW_1498,17.38,15.73,5,0
149.9,FLOW_1499,6.73,3.04,2,0
150.0,FLOW_1500,60.67,32.32,4,1
150.1,FLOW_1501,4.51,1.74,1,0
150.2,FLOW_1502,6.28,2.94,2,0
150.3,FLOW_1503,5.1,1.3,1,0
150.4,FLOW_1504,4.8,1.59,1,0
150.5,FLOW_1505,4.99,1.46,1,0
150.6,FLOW_1506,5.54,2.93,2,0
150.7,FLOW_1507,6.44,4.62,2,0
150.8,FLOW_1508,5.5,4.42,1,0
150.9,FLOW_1509,7.97,3.35,2,0
151.0,FLOW_1510,8.33,3.75,2,0
151.1,FLOW_1511,5.94,4.29,2,0
151.2,FLOW_1512,8.2,3.87,2,0
151.3,FLOW_1513,6.16,4.28,1,0
151.4,FLOW_1514,22.15,18.38,4,0
151.5,FLOW_1515,23.53,14.07,5,0
151.6,FLOW_1516,83.73,48.66,4,1
151.7,FLOW_1517,18.71,19.59,4,0
151.8,FLOW_1518,6.19,3.0,1,0
151.9,FLOW_1519,5.37,2.63,2,0
152.0,FLOW_1520,3.89,1.04,2,0
152.1,FLOW_1521,2.28,3.24,2,0
152.2,FLOW_1522,27.68,14.27,4,0
152.3,FLOW_1523,6.78,3.49,2,0
152.4,FLOW_1524,9.22,4.21,2,0
152.5,FLOW_1525,8.62,4.66,2,0
152.6,FLOW_1526,65.48,31.82,4,1
152.7,FLOW_1527,24.18,10.28,4,0
152.8,FLOW_1528,7.0,4.72,1,0
152.9,FLOW_1529,29.92,13.43,5,0
153.0,FLOW_1530,3.75,4.89,2,0
153.1,FLOW_1531,6.46,1.71,2,0
153.2,FLOW_1532,9.92,2.82,2,0
153.3,FLOW_1533,9.5,4.43,1,0
153.4,FLOW_1534,19.7,8.98,5,0
153.5,FLOW_1535,3.06,1.68,2,0
153.6,FLOW_1536,5.54,3.78,1,0
153.7,FLOW_1537,23.56,15.67,4,0
153.8,FLOW_1538,5.1,2.93,1,0
153.9,FLOW_1539,19.32,16.74,4,0
154.0,FLOW_1540,25.06,11.3,5,0
154.1,FLOW_1541,80.37,31.01,5,1
154.2,FLOW_1542,3.76,2.66,2,0
154.3,FLOW_1543,8.18,3.4,2,0
154.4,FLOW_1544,2.93,4.25,1,0
154.5,FLOW_1545,7.47,4.95,1,0
154.6,FLOW_1546,19.57,12.74,4,0
154.7,FLOW_1547,9.64,3.05,1,0
154.8,FLOW_1548,7.4,3.21,2,0
154.9,FLOW_1549,6.2,2.87,1,0
155.0,FLOW_1550,2.19,2.06,2,0
155.1,FLOW_1551,3.52,2.87,2,0
155.2,FLOW_1552,5.68,2.01,2,0
155.3,FLOW_1553,6.22,4.42,1,0
155.4,FLOW_1554,5.09,3.19,2,0
155.5,FLOW_1555,5.65,2.72,1,0
155.6,FLOW_1556,8.64,3.68,2,0
155.7,FLOW_1557,80.85,42.81,4,1
155.8,FLOW_1558,9.74,1.07,1,0
155.9,FLOW_1559,18.11,19.17,4,0
156.0,FLOW_1560,3.64,4.63,2,0
156.1,FLOW_1561,6.77,4.56,1,0
156.2,FLOW_1562,83.2,46.98,5,1
156.3,FLOW_1563,22.21,10.21,4,0
156.4,FLOW_1564,24.54,9.56,5,0
156.5,FLOW_1565,7.78,4.13,2,0
156.6,FLOW_1566,8.13,2.93,1,0
156.7,FLOW_1567,5.57,2.46,2,0
156.8,FLOW_1568,64.99,41.14,4,1
156.9,FLOW_1569,6.36,3.71,1,0
157.0,FLOW_1570,7.69,1.29,1,0
157.1,FLOW_1571,5.11,3.39,1,0
157.2,FLOW_1572,94.94,49.79,4,1
157.3,FLOW_1573,5.38,2.11,2,0
157.4,FLOW_1574,25.95,9.84,4,0
157.5,FLOW_1575,4.1,1.91,2,0
157.6,FLOW_1576,8.17,1.13,2,0
157.7,FLOW_1577,81.85,45.68,5,1
157.8,FLOW_1578,88.71,33.25,4,1
157.9,FLOW_1579,2.62,4.85,2,0
158.0,FLOW_1580,7.82,4.16,2,0
158.1,FLOW_1581,5.49,4.45,2,0
158.2,FLOW_1582,3.8,3.14,2,0
158.3,FLOW_1583,17.94,8.99,4,0
158.4,FLOW_1584,18.05,12.21,5,0
158.5,FLOW_1585,9.77,1.46,2,0
158.6,FLOW_1586,60.17,37.83,5,1
158.7,FLOW_1587,5.74,3.05,1,0
158.8,FLOW_1588,7.8,1.35,1,0
158.9,FLOW_1589,63.26,42.98,4,1
159.0,FLOW_1590,5.48,4.13,2,0
159.1,FLOW_1591,9.69,3.75,2,0
159.2,FLOW_1592,7.21,3.85,1,0
159.3,FLOW_1593,9.71,3.23,1,0
159.4,FLOW_1594,5.66,4.6,2,0
159.5,FLOW_1595,2.86,3.38,1,0
159.6,FLOW_1596,20.54,10.05,4,0
159.7,FLOW_1597,8.57,2.45,2,0
159.8,FLOW_1598,69.37,48.87,4,1
159.9,FLOW_1599,3.23,2.94,2,0
160.0,FLOW_1600,27.63,8.33,5,0
160.1,FLOW_1601,5.17,2.44,1,0
160.2,FLOW_1602,8.56,4.8,2,0
160.3,FLOW_1603,15.47,17.64,4,0
160.4,FLOW_1604,2.11,2.29,2,0
160.5,FLOW_1605,7.61,2.68,2,0
160.6,FLOW_1606,2.9,1.86,1,0
160.7,FLOW_1607,3.47,2.98,1,0
160.8,FLOW_1608,4.11,4.8,1,0
160.9,FLOW_1609,3.7,3.13,1,0
161.0,FLOW_1610,5.12,4.86,2,0
161.1,FLOW_1611,7.76,4.43,1,0
161.2,FLOW_1612,3.44,3.92,2,0
161.3,FLOW_1613,3.84,4.03,1,0
161.4,FLOW_1614,8.67,4.41,2,0
161.5,FLOW_1615,19.01,16.22,4,0
161.6,FLOW_1616,2.42,3.35,2,0
161.7,FLOW_1617,4.44,1.6,2,0
161.8,FLOW_1618,7.15,3.81,1,0
161.9,FLOW_1619,3.93,2.96,2,0
162.0,FLOW_1620,18.48,10.54,5,0
162.1,FLOW_1621,4.94,1.15,2,0
162.2,FLOW_1622,6.99,1.56,1,0
162.3,FLOW_1623,3.18,4.24,2,0
162.4,FLOW_1624,7.98,4.74,2,0
162.5,FLOW_1625,62.99,36.41,4,1
162.6,FLOW_1626,5.69,1.93,1,0
162.7,FLOW_1627,5.47,2.88,2,0
162.8,FLOW_1628,6.95,4.91,2,0
162.9,FLOW_1629,68.7,36.9,4,1
163.0,FLOW_1630,9.7,1.61,1,0
163.1,FLOW_1631,18.28,10.41,5,0
163.2,FLOW_1632,4.85,1.59,2,0
163.3,FLOW_1633,7.29,2.64,1,0
163.4,FLOW_1634,7.19,1.72,1,0
163.5,FLOW_1635,2.42,3.0,1,0
163.6,FLOW_1636,5.5,2.78,2,0
163.7,FLOW_1637,7.93,3.7,2,0
163.8,FLOW_1638,5.49,2.82,1,0
163.9,FLOW_1639,2.34,3.07,2,0
164.0,FLOW_1640,9.87,2.71,2,0
164.1,FLOW_1641,3.91,2.47,2,0
164.2,FLOW_1642,16.92,12.45,5,0
164.3,FLOW_1643,60.98,39.18,5,1
164.4,FLOW_1644,4.71,3.18,2,0
164.5,FLOW_1645,9.97,3.36,2,0
164.6,FLOW_1646,75.32,34.36,5,1
164.7,FLOW_1647,8.92,4.21,1,0
164.8,FLOW_1648,5.0,2.66,2,0
164.9,FLOW_1649,18.5,16.21,5,0
165.0,FLOW_1650,88.41,32.83,5,1
165.1,FLOW_1651,82.52,38.19,5,1
165.2,FLOW_1652,2.32,4.81,2,0
165.3,FLOW_1653,9.56,3.81,1,0
165.4,FLOW_1654,4.02,3.87,1,0
165.5,FLOW_1655,4.86,3.47,1,0
165.6,FLOW_1656,17.92,19.5,4,0
165.7,FLOW_1657,19.53,8.68,4,0
165.8,FLOW_1658,2.02,4.53,1,0
165.9,FLOW_1659,9.06,3.22,2,0
166.0,FLOW_1660,17.25,17.12,5,0
166.1,FLOW_1661,5.19,4.12,2,0
166.2,FLOW_1662,5.65,3.64,2,0
166.3,FLOW_1663,2.53,1.59,1,0
166.4,FLOW_1664,23.24,9.16,4,0
166.5,FLOW_1665,5.18,3.09,1,0
166.6,FLOW_1666,2.12,1.16,1,0
166.7,FLOW_1667,4.16,2.32,2,0
166.8,FLOW_1668,8.95,1.61,2,0
166.9,FLOW_1669,2.42,4.43,2,0
167.0,FLOW_1670,4.84,2.46,2,0
167.1,FLOW_1671,7.81,1.07,2,0
167.2,FLOW_1672,7.46,3.89,2,0
167.3,FLOW_1673,6.2,4.07,2,0
167.4,FLOW_1674,9.08,2.48,2,0
167.5,FLOW_1675,3.13,1.65,2,0
167.6,FLOW_1676,3.22,2.46,1,0
167.7,FLOW_1677,7.45,1.53,1,0
167.8,FLOW_1678,4.57,2.81,2,0
167.9,FLOW_1679,6.85,2.2,1,0
168.0,FLOW_1680,28.07,9.91,5,0
168.1,FLOW_1681,8.24,2.23,2,0
168.2,FLOW_1682,5.7,4.91,2,0
168.3,FLOW_1683,16.98,13.63,4,0
168.4,FLOW_1684,6.66,2.44,1,0
168.5,FLOW_1685,8.13,1.51,2,0
168.6,FLOW_1686,4.15,1.64,2,0
168.7,FLOW_1687,4.09,3.18,1,0
168.8,FLOW_1688,71.79,30.14,4,1
168.9,FLOW_1689,61.67,40.82,5,1
169.0,FLOW_1690,4.89,4.23,2,0
169.1,FLOW_1691,3.55,2.35,1,0
169.2,FLOW_1692,6.04,2.42,2,0
169.3,FLOW_1693,5.22,1.45,1,0
169.4,FLOW_1694,8.58,2.0,2,0
169.5,FLOW_1695,16.48,8.23,5,0
169.6,FLOW_1696,8.74,4.64,1,0
169.7,FLOW_1697,8.76,1.14,1,0
169.8,FLOW_1698,8.5,2.03,1,0
169.9,FLOW_1699,4.78,3.85,2,0
170.0,FLOW_1700,9.2,4.0,1,0
170.1,FLOW_1701,4.41,1.72,2,0
170.2,FLOW_1702,17.98,19.0,4,0
170.3,FLOW_1703,3.36,4.19,2,0
170.4,FLOW_1704,6.41,4.76,2,0
170.5,FLOW_1705,61.56,38.25,4,1
170.6,FLOW_1706,18.08,19.19,5,0
170.7,FLOW_1707,4.67,3.06,1,0
170.8,FLOW_1708,72.01,36.37,5,1
170.9,FLOW_1709,7.52,1.79,1,0
171.0,FLOW_1710,2.49,4.53,2,0
171.1,FLOW_1711,7.45,1.94,2,0
171.2,FLOW_1712,5.81,4.93,1,0
171.3,FLOW_1713,9.81,2.56,2,0
171.4,FLOW_1714,3.01,3.86,2,0
171.5,FLOW_1715,3.9,3.5,1,0
171.6,FLOW_1716,26.17,12.15,4,0
171.7,FLOW_1717,3.2,1.4,2,0
171.8,FLOW_1718,3.32,4.62,1,0
171.9,FLOW_1719,7.09,3.24,2,0
172.0,FLOW_1720,4.46,4.2,2,0
172.1,FLOW_1721,2.12,3.75,1,0
172.2,FLOW_1722,5.34,4.6,2,0
172.3,FLOW_1723,15.24,18.8,5,0
172.4,FLOW_1724,2.35,1.85,1,0
172.5,FLOW_1725,87.4,46.31,4,1
172.6,FLOW_1726,5.71,3.91,2,0
172.7,FLOW_1727,4.97,4.15,1,0
172.8,FLOW_1728,24.47,13.22,4,0
172.9,FLOW_1729,6.22,4.79,1,0
173.0,FLOW_1730,4.98,4.61,2,0
173.1,FLOW_1731,5.33,4.67,2,0
173.2,FLOW_1732,5.37,2.83,1,0
173.3,FLOW_1733,6.2,4.38,2,0
173.4,FLOW_1734,7.14,1.73,2,0
173.5,FLOW_1735,3.03,3.18,1,0
173.6,FLOW_1736,9.55,3.45,1,0
173.7,FLOW_1737,2.64,1.35,2,0
173.8,FLOW_1738,7.32,3.83,2,0
173.9,FLOW_1739,5.48,2.23,1,0
174.0,FLOW_1740,15.32,9.33,4,0
174.1,FLOW_1741,77.63,40.6,5,1
174.2,FLOW_1742,5.91,1.89,1,0
174.3,FLOW_1743,28.74,17.05,5,0
174.4,FLOW_1744,19.89,8.19,4,0
174.5,FLOW_1745,9.6,4.45,1,0
174.6,FLOW_1746,8.78,1.35,1,0
174.7,FLOW_1747,7.59,3.73,1,0
174.8,FLOW_1748,6.27,3.35,2,0
174.9,FLOW_1749,2.2,1.38,1,0
175.0,FLOW_1750,27.8,9.74,4,0
175.1,FLOW_1751,25.76,12.79,4,0
175.2,FLOW_1752,8.07,1.27,2,0
175.3,FLOW_1753,6.75,2.36,1,0
175.4,FLOW_1754,3.34,2.09,1,0
175.5,FLOW_1755,28.19,17.96,5,0
175.6,FLOW_1756,91.82,36.44,4,1
175.7,FLOW_1757,6.62,2.47,1,0
175.8,FLOW_1758,9.55,2.08,1,0
175.9,FLOW_1759,87.17,46.07,5,1
176.0,FLOW_1760,79.8,44.51,5,1
176.1,FLOW_1761,21.9,15.23,4,0
176.2,FLOW_1762,7.57,1.65,1,0
176.3,FLOW_1763,19.93,12.96,5,0
176.4,FLOW_1764,75.34,40.29,4,1
176.5,FLOW_1765,28.03,14.62,4,0
176.6,FLOW_1766,4.37,3.75,2,0
176.7,FLOW_1767,17.46,17.08,4,0
176.8,FLOW_1768,5.21,1.61,2,0
176.9,FLOW_1769,18.41,16.67,4,0
177.0,FLOW_1770,17.25,16.62,5,0
177.1,FLOW_1771,8.98,4.65,1,0
177.2,FLOW_1772,9.86,1.51,1,0
177.3,FLOW_1773,7.73,3.62,2,0
177.4,FLOW_1774,3.87,4.21,2,0
177.5,FLOW_1775,28.27,18.19,4,0
177.6,FLOW_1776,5.48,1.72,1,0
177.7,FLOW_1777,4.72,3.34,2,0
177.8,FLOW_1778,2.14,3.29,2,0
177.9,FLOW_1779,4.02,2.06,1,0
178.0,FLOW_1780,7.94,1.97,2,0
178.1,FLOW_1781,2.62,3.33,2,0
178.2,FLOW_1782,77.06,41.0,5,1
178.3,FLOW_1783,4.03,2.43,2,0
178.4,FLOW_1784,6.14,4.23,2,0
178.5,FLOW_1785,27.73,11.07,5,0
178.6,FLOW_1786,9.79,3.05,1,0
178.7,FLOW_1787,7.82,2.76,2,0
178.8,FLOW_1788,77.94,43.1,4,1
178.9,FLOW_1789,25.75,8.58,5,0
179.0,FLOW_1790,29.58,17.6,5,0
179.1,FLOW_1791,2.65,2.08,2,0
179.2,FLOW_1792,5.24,3.79,2,0
179.3,FLOW_1793,9.67,1.92,1,0
179.4,FLOW_1794,2.86,4.38,1,0
179.5,FLOW_1795,18.57,10.31,4,0
179.6,FLOW_1796,2.37,3.03,1,0
179.7,FLOW_1797,7.76,4.99,2,0
179.8,FLOW_1798,9.92,1.38,1,0
179.9,FLOW_1799,3.27,1.18,2,0
180.0,FLOW_1800,9.31,2.34,1,0
180.1,FLOW_1801,3.63,2.93,2,0
180.2,FLOW_1802,21.42,10.92,4,0
180.3,FLOW_1803,3.01,3.75,2,0
180.4,FLOW_1804,7.58,4.23,2,0
180.5,FLOW_1805,3.75,2.77,2,0
180.6,FLOW_1806,8.15,4.95,1,0
180.7,FLOW_1807,7.24,3.96,2,0
180.8,FLOW_1808,9.33,1.5,2,0
180.9,FLOW_1809,9.76,1.71,2,0
181.0,FLOW_1810,9.56,2.04,1,0
181.1,FLOW_1811,7.45,4.41,1,0
181.2,FLOW_1812,3.31,4.84,1,0
181.3,FLOW_1813,8.67,1.58,1,0
181.4,FLOW_1814,18.9,12.62,4,0
181.5,FLOW_1815,7.09,4.27,1,0
181.6,FLOW_1816,2.08,2.2,2,0
181.7,FLOW_1817,7.07,3.99,1,0
181.8,FLOW_1818,7.97,2.57,2,0
181.9,FLOW_1819,9.55,1.75,1,0
182.0,FLOW_1820,9.81,3.43,1,0
182.1,FLOW_1821,8.96,4.19,1,0
182.2,FLOW_1822,2.63,1.23,1,0
182.3,FLOW_1823,3.36,1.55,1,0
182.4,FLOW_1824,75.62,47.61,4,1
182.5,FLOW_1825,25.05,11.38,5,0
182.6,FLOW_1826,2.2,4.3,1,0
182.7,FLOW_1827,3.45,4.44,1,0
182.8,FLOW_1828,5.9,4.81,1,0
182.9,FLOW_1829,8.92,3.42,2,0
183.0,FLOW_1830,7.43,3.75,2,0
183.1,FLOW_1831,76.2,43.21,5,1
183.2,FLOW_1832,4.12,2.34,1,0
183.3,FLOW_1833,6.38,2.24,1,0
183.4,FLOW_1834,23.6,10.25,4,0
183.5,FLOW_1835,3.36,2.75,1,0
183.6,FLOW_1836,6.88,4.5,1,0
183.7,FLOW_1837,94.47,37.4,4,1
183.8,FLOW_1838,23.94,12.84,4,0
183.9,FLOW_1839,17.18,15.99,5,0
184.0,FLOW_1840,2.27,1.62,1,0
184.1,FLOW_1841,25.83,18.37,5,0
184.2,FLOW_1842,77.7,44.53,4,1
184.3,FLOW_1843,88.49,45.9,5,1
184.4,FLOW_1844,87.15,46.21,4,1
184.5,FLOW_1845,8.46,3.73,2,0
184.6,FLOW_1846,3.98,2.07,2,0
184.7,FLOW_1847,9.98,1.52,1,0
184.8,FLOW_1848,85.43,38.98,5,1
184.9,FLOW_1849,4.99,3.26,2,0
185.0,FLOW_1850,3.68,2.22,1,0
185.1,FLOW_1851,2.84,1.98,1,0
185.2,FLOW_1852,2.49,1.29,1,0
185.3,FLOW_1853,4.23,2.15,2,0
185.4,FLOW_1854,9.51,1.82,1,0
185.5,FLOW_1855,5.45,4.31,2,0
185.6,FLOW_1856,6.57,2.28,2,0
185.7,FLOW_1857,79.9,40.32,5,1
185.8,FLOW_1858,2.95,1.53,1,0
185.9,FLOW_1859,7.93,2.11,2,0
186.0,FLOW_1860,7.21,4.16,1,0
186.1,FLOW_1861,9.8,4.93,2,0
186.2,FLOW_1862,4.35,3.77,1,0
186.3,FLOW_1863,6.08,3.63,2,0
186.4,FLOW_1864,4.07,2.95,2,0
186.5,FLOW_1865,9.55,4.21,2,0
186.6,FLOW_1866,60.38,31.28,5,1
186.7,FLOW_1867,3.32,1.75,1,0
186.8,FLOW_1868,9.73,2.09,2,0
186.9,FLOW_1869,3.19,4.33,1,0
187.0,FLOW_1870,6.92,2.47,2,0
187.1,FLOW_1871,2.8,4.23,2,0
187.2,FLOW_1872,61.26,44.2,4,1
187.3,FLOW_1873,69.89,46.38,4,1
187.4,FLOW_1874,23.18,19.79,5,0
187.5,FLOW_1875,21.03,10.68,5,0
187.6,FLOW_1876,22.02,12.66,5,0
187.7,FLOW_1877,21.88,17.55,4,0
187.8,FLOW_1878,2.97,2.46,2,0
187.9,FLOW_1879,7.38,1.24,1,0
188.0,FLOW_1880,24.95,9.26,4,0
188.1,FLOW_1881,6.96,1.61,2,0
188.2,FLOW_1882,5.74,4.93,1,0
188.3,FLOW_1883,5.68,3.9,2,0
188.4,FLOW_1884,25.92,16.57,5,0
188.5,FLOW_1885,8.88,3.1,2,0
188.6,FLOW_1886,7.84,4.16,1,0
188.7,FLOW_1887,63.89,33.41,4,1
188.8,FLOW_1888,73.13,48.75,5,1
188.9,FLOW_1889,9.6,3.56,1,0
189.0,FLOW_1890,6.91,4.75,1,0
189.1,FLOW_1891,4.41,2.33,1,0
189.2,FLOW_1892,94.9,48.07,5,1
189.3,FLOW_1893,7.42,3.72,2,0
189.4,FLOW_1894,7.07,4.85,2,0
189.5,FLOW_1895,6.07,1.97,2,0
189.6,FLOW_1896,19.79,12.81,4,0
189.7,FLOW_1897,18.48,11.6,5,0
189.8,FLOW_1898,20.68,11.85,5,0
189.9,FLOW_1899,7.79,3.35,1,0
190.0,FLOW_1900,9.65,4.97,1,0
190.1,FLOW_1901,9.38,3.48,1,0
190.2,FLOW_1902,2.22,3.78,2,0
190.3,FLOW_1903,6.32,4.56,2,0
190.4,FLOW_1904,4.78,2.46,2,0
190.5,FLOW_1905,91.65,32.05,4,1
190.6,FLOW_1906,5.55,2.06,2,0
190.7,FLOW_1907,2.81,2.01,1,0
190.8,FLOW_1908,2.03,4.46,2,0
190.9,FLOW_1909,8.72,4.86,2,0
191.0,FLOW_1910,2.4,4.87,1,0
191.1,FLOW_1911,81.76,32.01,4,1
191.2,FLOW_1912,74.05,46.68,5,1
191.3,FLOW_1913,2.98,2.28,2,0
191.4,FLOW_1914,9.78,1.86,1,0
191.5,FLOW_1915,28.81,14.63,4,0
191.6,FLOW_1916,9.8,2.43,1,0
191.7,FLOW_1917,4.34,1.76,2,0
191.8,FLOW_1918,75.86,42.35,5,1
191.9,FLOW_1919,4.41,1.29,2,0
192.0,FLOW_1920,9.38,2.65,1,0
192.1,FLOW_1921,6.77,3.7,1,0
192.2,FLOW_1922,6.8,2.25,1,0
192.3,FLOW_1923,17.42,9.6,5,0
192.4,FLOW_1924,20.98,19.19,4,0
192.5,FLOW_1925,3.56,3.18,1,0
192.6,FLOW_1926,89.58,45.24,4,1
192.7,FLOW_1927,29.15,10.35,5,0
192.8,FLOW_1928,68.13,41.15,4,1
192.9,FLOW_1929,23.93,15.87,4,0
193.0,FLOW_1930,23.62,15.69,4,0
193.1,FLOW_1931,23.07,12.38,4,0
193.2,FLOW_1932,7.49,1.64,1,0
193.3,FLOW_1933,7.82,2.69,1,0
193.4,FLOW_1934,7.94,3.46,2,0
193.5,FLOW_1935,6.35,3.41,2,0
193.6,FLOW_1936,16.66,18.62,4,0
193.7,FLOW_1937,4.86,4.73,1,0
193.8,FLOW_1938,6.59,1.62,2,0
193.9,FLOW_1939,2.41,4.27,1,0
194.0,FLOW_1940,3.54,1.92,2,0
194.1,FLOW_1941,8.17,4.04,2,0
194.2,FLOW_1942,7.41,2.6,1,0
194.3,FLOW_1943,25.94,12.24,5,0
194.4,FLOW_1944,6.44,2.14,1,0
194.5,FLOW_1945,8.58,4.17,2,0
194.6,FLOW_1946,9.97,2.22,1,0
194.7,FLOW_1947,4.51,1.1,2,0
194.8,FLOW_1948,28.29,8.38,5,0
194.9,FLOW_1949,2.7,4.85,1,0
195.0,FLOW_1950,2.08,4.99,1,0
195.1,FLOW_1951,28.96,16.22,5,0
195.2,FLOW_1952,18.45,16.26,4,0
195.3,FLOW_1953,8.95,2.69,2,0
195.4,FLOW_1954,6.54,2.6,1,0
195.5,FLOW_1955,2.79,4.41,2,0
195.6,FLOW_1956,3.52,2.14,1,0
195.7,FLOW_1957,2.97,3.33,1,0
195.8,FLOW_1958,3.29,2.91,2,0
195.9,FLOW_1959,26.96,8.73,5,0
196.0,FLOW_1960,7.76,4.38,2,0
196.1,FLOW_1961,6.55,1.38,2,0
196.2,FLOW_1962,2.47,4.68,2,0
196.3,FLOW_1963,7.7,1.43,2,0
196.4,FLOW_1964,9.9,2.36,1,0
196.5,FLOW_1965,28.68,9.6,5,0
196.6,FLOW_1966,18.97,16.33,5,0
196.7,FLOW_1967,27.63,19.48,5,0
196.8,FLOW_1968,4.11,2.35,1,0
196.9,FLOW_1969,7.86,2.63,2,0
197.0,FLOW_1970,9.25,1.69,1,0
197.1,FLOW_1971,66.31,48.97,5,1
197.2,FLOW_1972,67.05,46.63,4,1
197.3,FLOW_1973,2.23,4.13,1,0
197.4,FLOW_1974,9.48,1.79,2,0
197.5,FLOW_1975,5.36,3.41,1,0
197.6,FLOW_1976,5.3,2.53,1,0
197.7,FLOW_1977,3.34,4.47,1,0
197.8,FLOW_1978,60.17,49.79,4,1
197.9,FLOW_1979,7.02,2.11,2,0
198.0,FLOW_1980,7.39,1.08,2,0
198.1,FLOW_1981,9.55,2.55,1,0
198.2,FLOW_1982,3.7,1.62,2,0
198.3,FLOW_1983,7.95,2.62,2,0
198.4,FLOW_1984,7.9,3.78,2,0
198.5,FLOW_1985,4.41,4.18,2,0
198.6,FLOW_1986,84.62,39.79,4,1
198.7,FLOW_1987,2.99,4.65,1,0
198.8,FLOW_1988,7.31,3.29,2,0
198.9,FLOW_1989,7.93,4.0,1,0
199.0,FLOW_1990,2.33,4.91,1,0
199.1,FLOW_1991,17.81,14.8,4,0
199.2,FLOW_1992,7.68,3.74,1,0
199.3,FLOW_1993,2.25,4.33,1,0
199.4,FLOW_1994,4.24,4.17,1,0
199.5,FLOW_1995,6.36,1.67,1,0
199.6,FLOW_1996,8.04,1.1,2,0
199.7,FLOW_1997,5.78,1.5,2,0
199.8,FLOW_1998,29.05,18.97,5,0
199.9,FLOW_1999,4.16,2.38,1,0
